{
    "customreactions_all_stats_cleared": "Statistiques de réactions personnalisées effacées.",
    "customreactions_deleted": "Réaction personnalisée supprimée",
    "customreactions_insuff_perms": "Permissions insuffisantes. Nécessite d'être le propriétaire du Bot pour avoir les réactions personnalisées globales, et Administrateur pour les réactions personnalisées du serveur.",
    "customreactions_list_all": "Liste de toutes les réactions personnalisées",
    "customreactions_name": "Réactions personnalisées",
    "customreactions_new_cust_react": "Nouvelle réaction personnalisée",
    "customreactions_no_found": "Aucune réaction personnalisée trouvée.",
    "customreactions_no_found_id": "Aucune réaction personnalisée ne correspond à cet ID.",
    "customreactions_response": "Réponse",
    "customreactions_stats": "Statistiques des Réactions Personnalisées",
    "customreactions_stats_cleared": "Statistiques effacées pour {0} réactions personnalisées.",
    "customreactions_stats_not_found": "Pas de statistiques pour ce déclencheur trouvées, aucune action effectuée.",
    "customreactions_trigger": "Déclencheur",
    "nsfw_autohentai_stopped": "Autohentai arrêté.",
    "nsfw_not_found": "Aucuns résultats trouvés.",
    "pokemon_already_fainted": "{0} est déjà inconscient.",
    "pokemon_already_full": "{0} a tous ses PV.",
    "pokemon_already_that_type": "Votre type est déjà {0}",
    "pokemon_attack": "Vous avez utilisé {0}{1} sur {2}{3} pour {4} dégâts.",
    "pokemon_cant_attack_again": "Vous ne pouvez pas attaquer de nouveau avant les représailles !",
    "pokemon_cant_attack_yourself": "Vous ne pouvez pas vous attaquer vous-même.",
    "pokemon_fainted": "{0} s'est évanoui!",
    "pokemon_healed": "Vous avez soigné {0} avec un {1}",
    "pokemon_hp_remaining": "{0} a {1} points de vie restants.",
    "pokemon_invalid_move": "Vous ne pouvez pas utiliser {0}. Ecrivez `{1}ml` pour voir la liste des actions que vous pouvez effectuer.",
    "pokemon_moves": "Liste des attaques pour le type {0}",
    "pokemon_not_effective": "Ce n'est pas très efficace.",
    "pokemon_no_currency": "Vous n'avez pas assez de {0}",
    "pokemon_revive_other": "Vous avez ressuscité {0} avec un {1}",
    "pokemon_revive_yourself": "Vous vous êtes ressuscité avec un {0}",
    "pokemon_settype_success": "Votre type a bien été modifié de {0} à {1}",
    "pokemon_somewhat_effective": "C'est légèrement efficace.",
    "pokemon_super_effective": "C'est très efficace !",
    "pokemon_too_many_moves": "Vous avez utilisé trop de mouvements d'affilée, vous ne pouvez donc plus bouger!",
    "pokemon_type_of_user": "Le type de {0} est {1}",
    "pokemon_user_not_found": "Utilisateur non trouvé.",
    "pokemon_you_fainted": "Vous vous êtes évanoui, vous n'êtes donc pas capable de bouger!",
    "administration_aar_disabled": "**L'affectation automatique de rôle** à l'arrivé d'un nouvel utilisateur est désormais **désactivée**.",
    "administration_aar_enabled": "**L'affectation automatique de rôle** à l'arrivé d'un nouvel utilisateur est désormais **activée**.",
    "administration_attachments": "Liens",
    "administration_avatar_changed": "Avatar modifié",
    "administration_bandm": "Vous avez été banni du serveur {0}.\nRaison: {1}",
    "administration_banned_pl": "bannis",
    "administration_banned_user": "Utilisateur banni",
    "administration_bot_name": "Le nom du Bot a changé pour {0}",
    "administration_bot_status": "Le statut du Bot a changé pour {0}",
    "administration_byedel_off": "La suppression automatique des annonces de départ a été désactivée.",
    "administration_byedel_on": "Les annonces de départ seront supprimées après {0} secondes.",
    "administration_byemsg_cur": "Annonce de départ actuelle: {0}",
    "administration_byemsg_enable": "Activez les annonces de départ en entrant {0}",
    "administration_byemsg_new": "Nouvelle annonce de départ définie.",
    "administration_bye_off": "Annonce de départ désactivée.",
    "administration_bye_on": "Annonce de départ activée sur ce salon.",
    "administration_ch_name_change": "Nom du salon modifié",
    "administration_ch_old_name": "Ancien nom",
    "administration_ch_topic_change": "Sujet du salon modifié",
    "administration_cleaned_up": "Nettoyé.",
    "administration_content": "Contenu",
    "administration_cr": "Rôle {0} créé avec succès",
    "administration_createtextchan": "Salon textuel {0} créé.",
    "administration_createvoich": "Salon vocal {0} créé.",
    "administration_deafen": "Mise en sourdine effectuée.",
    "administration_deleted_server": "Serveur {0} supprimé",
    "administration_delmsg_off": "Suppression automatique des commandes effectuées avec succès, désactivée.",
    "administration_delmsg_on": "Suppression automatique des commandes effectuées avec succès, activée.",
    "administration_deltextchan": "Le salon textuel {0} a été supprimé.",
    "administration_delvoich": "Le salon vocal {0} a été supprimé.",
    "administration_dm_from": "MP de",
    "administration_donadd": "Nouveau donateur ajouté avec succès. Montant total des dons de cet utilisateur : {0} 👑",
    "administration_donators": "Merci aux personnes ci-dessous pour avoir permis à ce projet d'exister!",
    "administration_fwall_start": "Je transmettrai désormais les MPs à tous les propriétaires.",
    "administration_fwall_stop": "Je transmettrai désormais les MPs seulement au propriétaire principal.",
    "administration_fwdm_start": "Je transmettrai désormais les MPs.",
    "administration_fwdm_stop": "Je ne transmettrai désormais plus les MPs.",
    "administration_greetdel_off": "La suppression automatique des messages d'accueil a été désactivé.",
    "administration_greetdel_on": "Les messages d'accueil seront supprimés après {0} secondes.",
    "administration_greetdmmsg_cur": "MP de bienvenue actuel: {0}",
    "administration_greetdmmsg_enable": "Activez les MPs de bienvenue en écrivant {0}",
    "administration_greetdmmsg_new": "Nouveau MP de bienvenue défini.",
    "administration_greetdm_off": "MPs de bienvenue désactivés.",
    "administration_greetdm_on": "MPs de bienvenue activés.",
    "administration_greetmsg_cur": "Message de bienvenue actuel: {0}",
    "administration_greetmsg_enable": "Activez les messages de bienvenue en écrivant {0}",
    "administration_greetmsg_new": "Nouveau message de bienvenue défini.",
    "administration_greet_off": "Messages de bienvenue désactivés.",
    "administration_greet_on": "Messages de bienvenue activés sur ce salon.",
    "administration_hierarchy": "Vous ne pouvez pas utiliser cette commande sur les utilisateurs dont le rôle est supérieur ou égal au vôtre dans la hiérarchie.",
    "administration_images_loaded": "Images chargées après {0} secondes!",
    "administration_invalid_format": "Format d'entrée invalide.",
    "administration_invalid_params": "Paramètres invalides.",
    "administration_joined": "{0} a rejoint {1}",
    "administration_kickdm": "Vous avez été expulsé du serveur {0}.\nRaison: {1}",
    "administration_kicked_user": "Utilisateur expulsé",
    "administration_lang_list": "Listes des langues",
    "administration_lang_set": "La langue du serveur est désormais {0} - {1}",
    "administration_lang_set_bot": "La langue par défaut du bot est désormais {0} - {1}",
    "administration_lang_set_bot_show": "La langue du bot a été changée pour {0} - {1}",
    "administration_lang_set_fail": "Échec dans la tentative de changement de langue. Veuillez consulter l'aide pour cette commande.",
    "administration_lang_set_show": "La langue de ce serveur est {0} - {1}",
    "administration_left": "{0} a quitté {1}",
    "administration_left_server": "Serveur {0} quitté",
    "administration_log": "Enregistrement de {0} événements dans ce salon.",
    "administration_log_all": "Enregistrement de tous les événements dans ce salon.",
    "administration_log_disabled": "Enregistrement désactivé.",
    "administration_log_events": "Événements enregistrés que vous pouvez suivre:",
    "administration_log_ignore": "L'enregistrement ignorera désormais {0}",
    "administration_log_not_ignore": "L'enregistrement n'ignorera pas {0}",
    "administration_log_stop": "L’événement {0} ne sera plus enregistré.",
    "administration_menrole": "{0} a émis une notification pour les rôles suivants",
    "administration_message_from_bo": "Message de {0} `[Propriétaire du bot]`:",
    "administration_message_sent": "Message envoyé.",
    "administration_moved": "{0} déplacé de {1} à {2}",
    "administration_msg_del": "Message supprimé dans #{0}",
    "administration_msg_update": "Message mis-à-jour dans #{0}",
    "administration_muted_pl": "Tous les utilisateurs sont maintenant muets.",
    "administration_muted_sn": "L'utilisateur est maintenant muet.",
    "administration_mute_error": "Il semblerait que je n'ai pas la permission nécessaire pour effectuer cela.",
    "administration_mute_role_set": "Nouveau rôle muet créé.",
    "administration_need_admin": "Je nécessite la permission **Administrateur** pour effectuer cela.",
    "administration_new_msg": "Nouveau message",
    "administration_new_nick": "Nouveau pseudonyme",
    "administration_new_topic": "Nouveau sujet",
    "administration_nick_change": "Pseudonyme changé",
    "administration_no_server": "Impossible de trouver ce serveur",
    "administration_no_shard_id": "Aucun Shard pour cet ID trouvée.",
    "administration_old_msg": "Ancien message",
    "administration_old_nick": "Ancien pseudonyme",
    "administration_old_topic": "Ancien sujet",
    "administration_perms": "Erreur. Je ne dois sûrement pas posséder les permissions suffisantes.",
    "administration_prot_active": "Protections actives",
    "administration_prot_disable": "{0} a été **désactivé** sur ce serveur.",
    "administration_prot_enable": "{0} Activé",
    "administration_prot_error": "Erreur. J'ai besoin de la permission Gérer les rôles.",
    "administration_prot_none": "Aucune protection activée.",
    "administration_raid_cnt": "Le seuil d'utilisateurs doit être entre {0} et {1}.",
    "administration_raid_stats": "Si {0} ou plus d'utilisateurs rejoignent dans les {1} secondes suivantes, je les {2}.",
    "administration_raid_time": "Le temps doit être compris entre {0} et {1} secondes.",
    "administration_rar": "Vous avez retirés tous les rôles de l'utilisateur {0} avec succès",
    "administration_rar_err": "Impossible de retirer des rôles. Je n'ai pas les permissions suffisantes.",
    "administration_rc": "La couleur du rôle {0} a été modifiée.",
    "administration_rc_not_exist": "Ce rôle n'existe pas.",
    "administration_rc_params": "Les paramètres spécifiés sont invalides.",
    "administration_rc_perms": "Erreur due à un manque de permissions ou à une couleur invalide.",
    "administration_remrole": "L'utilisateur {1} n'a plus le rôle {0}.",
    "administration_remrole_err": "Impossible de supprimer ce rôle. Je ne possède pas les permissions suffisantes.",
    "administration_renrole": "Rôle renommé.",
    "administration_renrole_err": "Impossible de renommer ce rôle. Je ne possède pas les permissions suffisantes.",
    "administration_renrole_perms": "Vous ne pouvez pas modifier les rôles supérieurs au votre.",
    "administration_reprm": "La répétition du message suivant a été désactivé: {0}",
    "administration_role_added": "Le rôle {0} a été ajouté à la liste.",
    "administration_role_clean": "{0} introuvable. Nettoyé.",
    "administration_role_in_list": "Le rôle {0} est déjà présent dans la liste.",
    "administration_ropl_added": "Ajouté",
    "administration_ropl_disabled": "Alternance du statut de jeu désactivé.",
    "administration_ropl_enabled": "Alternance du statut de jeu activé.",
    "administration_ropl_list": "Liste des statuts alternants:\n{0}",
    "administration_ropl_not_set": "Aucun statut alternant défini.",
    "administration_self_assign_already": "Vous avez déjà le rôle {0}.",
    "administration_self_assign_already_excl": "Vous avez déjà {0} rôles exclusifs auto-attribués.",
    "administration_self_assign_excl": "Rôles auto-attribuables désormais exclusifs.",
    "administration_self_assign_list": "Il y a {0} rôles auto-attribuables.",
    "administration_self_assign_not": "Ce rôle ne peux pas vous être attribué par vous-même.",
    "administration_self_assign_not_have": "Vous ne possédez pas le rôle {0}.",
    "administration_self_assign_no_excl": "Les rôles auto-attribuables ne sont désormais plus exclusifs!",
    "administration_self_assign_perms": "Je suis incapable de vous ajouter ce rôle. `Je ne peux pas ajouter de rôles aux propriétaires et aux autres rôles plus haut que le mien dans la hiérarchie.`",
    "administration_self_assign_rem": "{0} a été supprimé de la liste des rôles auto-attribuables.",
    "administration_self_assign_remove": "Vous n'avez plus le rôle {0}.",
    "administration_self_assign_success": "Vous avez désormais le rôle {0}.",
    "administration_setrole": "L'utilisateur {1} a désormais le rôle {0}.",
    "administration_setrole_err": "Impossible d'ajouter un rôle. Je ne possède pas les permissions suffisantes.",
    "administration_set_avatar": "Nouvel avatar défini!",
    "administration_set_channel_name": "Nouveau nom de Salon défini avec succès.",
    "administration_set_game": "Nouveau jeu défini!",
    "administration_set_stream": "Nouveau stream défini!",
    "administration_set_topic": "Nouveau sujet du salon défini.",
    "administration_shard_reconnected": "Shard {0} reconnecté.",
    "administration_shard_reconnecting": "Shard {0} en reconnection.",
    "administration_shutting_down": "Arrêt en cours.",
    "administration_slowmode_desc": "Les utilisateurs ne peuvent pas envoyer plus de {0} messages toutes les {1} secondes.",
    "administration_slowmode_disabled": "Mode ralenti désactivé.",
    "administration_slowmode_init": "Mode ralenti activé",
    "administration_soft_banned_pl": "expulsés",
    "administration_spam_ignore": "{0} ignorera ce Salon.",
    "administration_spam_not_ignore": "{0} n'ignorera plus ce Salon.",
    "administration_spam_stats": "Si un utilisateur poste {0} fois le même message à la suite, je le {1}. \n    __SalonsIgnorés__: {2}",
    "administration_text_chan_created": "Salon textuel créé.",
    "administration_text_chan_destroyed": "Salon textuel supprimé.",
    "administration_undeafen": "Son activé avec succès.",
    "administration_unmuted_sn": "Micro activé",
    "administration_username": "Nom d'utilisateur",
    "administration_username_changed": "Nom d'utilisateur modifié.",
    "administration_users": "Utilisateurs",
    "administration_user_banned": "Utilisateur banni",
    "administration_user_chat_mute": "{0} est maintenant **muet** sur le chat.",
    "administration_user_chat_unmute": "**La parole a été rétablie** sur le chat pour {0}.",
    "administration_user_joined": "L'utilisateur a rejoint",
    "administration_user_left": "L'utilisateur a quitté",
    "administration_user_muted": "{0} est maintenant **muet** à la fois sur les salons textuels et vocaux.",
    "administration_user_role_add": "Rôle ajouté à l'utilisateur",
    "administration_user_role_rem": "Rôle retiré de l'utilisateur",
    "administration_user_status_change": "{0} est maintenant {1}",
    "administration_user_unmuted": "{0} n'est maintenant **plus muet** des salons textuels et vocaux.",
    "administration_user_vjoined": "{0} a rejoint le salon vocal {1}.",
    "administration_user_vleft": "{0} a quitté le salon vocal {1}.",
    "administration_user_vmoved": "{0} est allé du salon vocal {1} à {2}.",
    "administration_user_voice_mute": "{0} est maintenant **muet**.",
    "administration_user_voice_unmute": "{0} n'est maintenant **plus muet**.",
    "administration_voice_chan_created": "Salon vocal créé.",
    "administration_voice_chan_destroyed": "Salon vocal supprimé.",
    "administration_vt_disabled": "Fonctionnalités vocales et textuelles désactivées.",
    "administration_vt_enabled": "Fonctionnalités vocales et textuelles activées.",
    "administration_vt_exit": "Je n'ai pas la permission **Gérer les rôles** et/ou **Gérer les salons**, je ne peux donc pas utiliser `voice+text` sur le serveur {0}.",
    "administration_vt_no_admin": "Vous activez/désactivez cette fonctionnalité et **je n'ai pas la permission ADMINISTRATEUR**. Cela pourrait causer des dysfonctionnements, et vous devrez nettoyer les salons textuels vous-même après cela.",
    "administration_vt_perms": "Je nécessite au minimum les rôles **Gérer les rôles** et **Gérer les salons** pour activer cette fonctionnalité. (Permission Administrateur de préférence)",
    "administration_xmuted_text": "Utilisateur {0} depuis un salon textuel.",
    "administration_xmuted_text_and_voice": "Utilisateur {0} depuis salon textuel et vocal.",
    "administration_xmuted_voice": "Utilisateur {0} depuis un salon vocal.",
    "administration_sbdm": "Vous avez été expulsé du serveur {0}.\nRaison: {1}",
    "administration_user_unbanned": "Utilisateur débanni",
    "administration_migration_done": "Migration effectuée!",
    "administration_presence_updates": "Présences mises à jour.",
    "administration_sb_user": "Utilisateur expulsé.",
    "gambling_awarded": "a récompensé {0} à {1}",
    "gambling_better_luck": "Plus de chance la prochaine fois ^_^",
    "gambling_br_win": "Félicitations! Vous avez gagné {0} pour avoir lancé au dessus de {1}.",
    "gambling_deck_reshuffled": "Deck remélangé.",
    "gambling_flipped": "Lancé {0}.",
    "gambling_flip_guess": "Vous avez deviné! Vous avez gagné {0}",
    "gambling_flip_invalid": "Nombre spécifié invalide. Vous pouvez lancer 1 à {0} pièces.",
    "gambling_flowerreaction_desc": "Ajoute la réaction {0} à ce message pour avoir {1}",
    "gambling_flowerreaction_footer": "Cet événement est actif pendant {0} heures.",
    "gambling_flowerreaction_title": "L'événement \"réactions fleuries\" a démarré!",
    "gambling_gifted": "a donné {0} à {1}",
    "gambling_has": "{0} a {1}",
    "gambling_heads": "Face",
    "gambling_leaderboard": "Classement",
    "gambling_mass_award": "{1} utilisateurs du rôle {2} ont été récompensé de {0}.",
    "gambling_max_bet_limit": "Vous ne pouvez pas miser plus de {0}",
    "gambling_min_bet_limit": "Vous ne pouvez pas parier moins de {0}",
    "gambling_not_enough": "Vous n'avez pas assez de {0}",
    "gambling_no_more_cards": "Plus de carte dans le deck.",
    "gambling_raffled_user": "Utilisateur tiré au sort",
    "gambling_roll": "Vous avez roulé un {0}.",
    "gambling_slot_bet": "Mise",
    "gambling_slot_jackpot": "WOAAHHHHHH!!! Félicitations!!! x{0}",
    "gambling_slot_single": "Une simple {0}, x{1}",
    "gambling_slot_three": "Wow! Quelle chance! Trois du même genre! x{0}",
    "gambling_slot_two": "Bon travail! Deux {0} - mise x{1}",
    "gambling_slot_won": "Gagné",
    "gambling_sneakygamestatus_desc": "Les utilisateurs doivent écrire un code secret pour avoir {0}. Dure {1} secondes. Ne le dites à personne. Shhh.",
    "gambling_sneakygamestatus_end": "L’événement \"jeu sournois\" s'est fini. {0} utilisateurs ont reçu la récompense.",
    "gambling_sneakygamestatus_title": "L'événement \"jeu sournois\" a démarré",
    "gambling_tails": "Pile",
    "gambling_take": "Vous avez pris {0} de {1} avec succès",
    "gambling_take_fail": "Impossible de prendre {0} de {1} car l'utilisateur n'a pas assez de {2}!",
    "help_back_to_toc": "Retour à la table des matières",
    "help_bot_owner_only": "Propriétaire du Bot seulement",
    "help_channel_permission": "Nécessite {0} permissions du salon.",
    "help_cmdlist_donate": "Vous pouvez supporter ce projet sur Patreon <{0}> ou via Paypal <{1}>",
    "help_cmd_and_alias": "Commandes et alias",
    "help_commandlist_regen": "Liste des commandes rafraîchie.",
    "help_commands_instr": "Écrivez `{0}h NomDeLaCommande` pour voir l'aide spécifique à cette commande. Ex: `{0}h {0}8ball`",
    "help_command_not_found": "Impossible de trouver cette commande. Veuillez vérifier qu'elle existe avant de réessayer.",
    "help_desc": "Description",
    "help_donate": "Vous pouvez supporter le projet NadekoBot\nsur Patreon <{0}>\npar Paypal <{1}>\nN'oubliez pas de mettre votre nom discord ou ID dans le message.\n\n**Merci** ♥️",
    "help_guide": "**Liste des Commandes**: <{0}>\n**La liste des guides et tous les documents peuvent être trouvés ici**: <{1}>",
    "help_list_of_commands": "Liste des commandes",
    "help_list_of_modules": "Liste des modules",
    "help_modules_footer": "Entrez `{0}cmds NomDuModule` pour avoir la liste des commandes de ce module. ex `{0}cmds games`",
    "help_module_not_found": "Ce module n'existe pas.",
    "help_server_permission": "Permission serveur {0} requise.",
    "help_table_of_contents": "Table des matières",
    "help_usage": "Usage",
    "nsfw_autohentai_started": "Autohentai commencé. Publie toutes les {0}s avec l'un des tags suivants:\n{1}",
    "nsfw_tag": "Tag",
    "gambling_animal_race": "Course d'animaux",
    "gambling_animal_race_failed": "Pas assez de participants pour commencer.",
    "gambling_animal_race_full": "Suffisamment de participants ! La course commence.",
    "gambling_animal_race_join": "{0} a rejoint sous la forme d'un {1}",
    "gambling_animal_race_join_bet": "{0} a rejoint sous la forme d'un {1} et mise sur {2} !",
    "gambling_animal_race_join_instr": "Entrez {0}jr pour rejoindre la course.",
    "gambling_animal_race_starting": "Début dans 20 secondes ou quand le nombre maximum de participants est atteint.",
    "gambling_animal_race_starting_with_x": "Début avec {0} participants.",
    "gambling_animal_race_won": "{0} sous la forme d'un {1} a gagné la course !",
    "gambling_animal_race_won_money": "{0} sous la forme d'un {1} a gagné la course et {2}!",
    "gambling_dice_invalid_number": "Nombre spécifié invalide. Vous pouvez lancer de {0} à {1} dés à la fois.",
    "gambling_dice_rolled": "tiré au sort {0}",
    "gambling_dice_rolled_num": "Dés lancés: {0}",
    "gambling_race_failed_starting": "Le lancement de la course a échoué. Une autre course doit probablement être en cours.",
    "gambling_race_not_exist": "Aucune course n'existe sur ce serveur.",
    "gambling_second_larger_than_first": "Le deuxième nombre doit être plus grand que le premier.",
    "gambling_changes_of_heart": "Changements d'avis",
    "gambling_claimed_by": "Revendiquée par",
    "gambling_divorces": "Divorces",
    "gambling_likes": "Aime",
    "gambling_price": "Prix",
    "gambling_waifus_none": "Aucune waifu n'a été revendiquée pour l'instant.",
    "gambling_waifus_top_waifus": "Top Waifus",
    "gambling_waifu_affinity_already": "Votre affinité est déjà liée à cette waifu ou vous êtes en train de retirer votre affinité avec quelqu'un alors que vous n'en possédez pas.",
    "gambling_waifu_affinity_changed": "Affinités changées de de {0} à {1}.\n\n*C'est moralement discutable.* 🤔",
    "gambling_waifu_affinity_cooldown": "Vous devez attendre {0} heures et {1} minutes avant de pouvoir changer de nouveau votre affinité.",
    "gambling_waifu_affinity_reset": "Votre affinité a été réinitialisée. Vous n'aimez plus personne désormais.",
    "gambling_waifu_affinity_set": "veut être la waifu de {0}. Aww <3",
    "gambling_waifu_claimed": "a revendiqué {0} comme sa waifu pour {1}!",
    "gambling_waifu_divorced_like": "Vous avez divorcé d'une waifu qui vous aimait. Monstre sans cœur. {0} a reçu {1} en guise de compensation.",
    "gambling_waifu_egomaniac": "vous ne pouvez pas vous lier d'affinité avec vous-même, espèce d'égocentrique.",
    "gambling_waifu_fulfilled": "🎉Leur amour est comblé !🎉\nLa nouvelle valeur de {0} est {1} !",
    "gambling_waifu_isnt_cheap": "Aucune waifu n'est à ce prix. Tu dois payer au moins {0} pour avoir une waifu, même si sa vraie valeur est inférieure.",
    "gambling_waifu_not_enough": "Tu dois payer {0} ou plus pour avoir cette waifu !",
    "gambling_waifu_not_yours": "Cette waifu ne t'appartient pas.",
    "gambling_waifu_not_yourself": "Tu ne peux pas t'acquérir toi-même.",
    "gambling_waifu_recent_divorce": "Vous avez récemment divorcé. Vous devez attendre {0} heures et {1} minutes pour divorcer à nouveau.",
    "gambling_nobody": "Personne",
    "gambling_waifu_divorced_notlike": "Vous avez divorcé d'une waifu qui ne vous aimait pas. Vous recevez {0} en retour.",
    "games_8ball": "8ball",
    "games_acrophobia": "Acrophobie",
    "games_acro_ended_no_sub": "Le jeu a pris fin sans soumissions.",
    "games_acro_no_votes_cast": "Personne n'a voté : la partie se termine sans vainqueur.",
    "games_acro_nym_was": "L'acronyme était {0}.",
    "games_acro_running": "Une partie d'Acrophobia est déjà en cours sur ce salon.",
    "games_acro_started": "La partie commence. Créez une phrase avec l'acronyme suivant : {0}.",
    "games_acro_started_footer": "Vous avez {0} secondes pour faire une soumission.",
    "games_acro_submit": "{0} a soumit sa phrase. ({1} au total)",
    "games_acro_vote": "Votez en entrant le numéro d'une soumission.",
    "games_acro_vote_cast": "{0} a voté!",
    "games_acro_winner": "Le gagnant est {0} avec {1} points!",
    "games_acro_winner_only": "{0} est le gagnant pour être le seul utilisateur à avoir fait une soumission!",
    "games_question": "Question",
    "games_rps_draw": "Egalité ! Vous avez choisi {0}.",
    "games_rps_win": "{0} a gagné ! {1} bat {2}.",
    "games_submissions_closed": "Soumissions fermées.",
    "gambling_animal_race_already_started": "Une course d'animaux est déjà en cours.",
    "gambling_total_average": "Total: {0} Moyenne: {1}",
    "games_category": "Catégorie",
    "games_cleverbot_disabled": "Cleverbot désactivé sur ce serveur.",
    "games_cleverbot_enabled": "Cleverbot activé sur ce serveur.",
    "games_curgen_disabled": "La génération monétaire a été désactivée sur ce salon.",
    "games_curgen_enabled": "La génération monétaire a été désactivée sur ce salon.",
    "games_curgen_pl": "{0} {1} aléatoires sont apparus!",
    "games_curgen_sn": "Un {0} aléatoire est apparu!",
    "games_failed_loading_question": "Impossible de charger une question.",
    "games_game_started": "La jeu a commencé.",
    "games_hangman_game_started": "Partie de pendu commencée.",
    "games_hangman_running": "Une partie de pendu est déjà en cours sur ce salon.",
    "games_hangman_start_errored": "Initialisation du pendu erronée.",
    "games_hangman_types": "Liste des types de termes pour \"{0}hangman\":",
    "games_leaderboard": "Classement",
    "games_not_enough": "Vous n'avez pas assez de {0}",
    "games_no_results": "Pas de résultat",
    "games_picked": "a ramassé {0}",
    "games_planted": "{0} a planté {1}",
    "games_trivia_already_running": "Une partie de Trivia est déjà en cours sur ce serveur.",
    "games_trivia_game": "Partie de Trivia",
    "games_trivia_guess": "{0} a deviné! La réponse était: {1}",
    "games_trivia_none": "Aucune partie de Trivia en cours sur ce serveur.",
    "games_trivia_points": "{0} a {1} points",
    "games_trivia_stopping": "Le jeu s'arrêtera après cette question.",
    "games_trivia_times_up": "Le temps a expiré! La réponse était {0}",
    "games_trivia_win": "{0} a deviné la réponse et gagne la partie! La réponse était: {1}",
    "games_ttt_against_yourself": "Vous ne pouvez pas jouer contre vous-même.",
    "games_ttt_already_running": "Une partie de Morpion est déjà en cours sur ce salon.",
    "games_ttt_a_draw": "Égalité!",
    "games_ttt_created": "a créé une partie de Morpion.",
    "games_ttt_has_won": "{0} a gagné!",
    "games_ttt_matched_three": "Trois alignés.",
    "games_ttt_no_moves": "Aucun mouvement restant !",
    "games_ttt_time_expired": "Le temps a expiré!",
    "games_ttt_users_move": "Tour de {0}.",
    "games_vs": "{0} contre {1}",
    "music_attempting_to_queue": "Tentative d'ajouter {0} pistes à la file d'attente...",
    "music_autoplay_disabled": "Lecture automatique désactivée.",
    "music_autoplay_enabled": "Lecture automatique activée.",
    "music_defvol_set": "Volume par défaut défini à {0}%",
    "music_dir_queue_complete": "File d'attente complète.",
    "music_fairplay": "à tour de rôle",
    "music_finished_song": "Lecture terminée",
    "music_fp_disabled": "Système de tour de rôle désactivé.",
    "music_fp_enabled": "Système de tour de rôle activé.",
    "music_from_position": "De la position",
    "music_id": "Id",
    "music_invalid_input": "Entrée invalide.",
    "music_max_playtime_none": "Le temps maximum de lecture est désormais illimité.",
    "music_max_playtime_set": "Temps maximum de lecture défini à {0} seconde(s).",
    "music_max_queue_unlimited": "La taille de la file d'attente est désormais illmitée.",
    "music_max_queue_x": "La taille de la file d'attente est désormais de {0} piste(s).",
    "music_must_be_in_voice": "Vous avez besoin d'être dans un salon vocal sur ce serveur.",
    "music_name": "Nom",
    "music_now_playing": "Vous écoutez",
    "music_no_player": "Aucun lecteur de musique actif.",
    "music_no_search_results": "Pas de résultat.",
    "music_paused": "Lecture mise en pause.",
    "music_player_queue": "File d'attente - Page {0}/{1}",
    "music_playing_song": "Lecture en cours",
    "music_playlists": "`#{0}` - **{1}** par *{2}* ({3} pistes)",
    "music_playlists_page": "Page {0} des listes de lecture sauvegardées",
    "music_playlist_deleted": "Liste de lecture supprimée.",
    "music_playlist_delete_fail": "Impossible de supprimer cette liste de lecture. Soit elle n'existe pas, soit vous n'en êtes pas le créateur.",
    "music_playlist_id_not_found": "Aucune liste de lecture ne correspond a cet ID.",
    "music_playlist_queue_complete": "Liste de lecture ajoutée à la file d'attente.",
    "music_playlist_saved": "Liste de lecture sauvegardée",
    "music_play_limit": "Limite à {0}s",
    "music_queue": "File d'attente",
    "music_queued_song": "Piste ajoutée à la file d'attente",
    "music_queue_cleared": "File d'attente effacée.",
    "music_queue_full": "File d'attente complète ({0}/{0}).",
    "music_removed_song": "Piste retirée",
    "music_repeating_cur_song": "Répétition de la piste actuelle.",
    "music_repeating_playlist": "Liste de lecture en boucle",
    "music_repeating_track": "Piste en boucle",
    "music_repeating_track_stopped": "La piste ne sera lue qu'une fois.",
    "music_resumed": "Reprise de la lecture.",
    "music_rpl_disabled": "Lecture en boucle désactivée.",
    "music_rpl_enabled": "Lecture en boucle activée.",
    "music_set_music_channel": "Je vais désormais afficher les pistes en cours, en pause, terminées et supprimées dans ce salon.",
    "music_skipped_to": "Saut à `{0}:{1}`",
    "music_song_moved": "Piste déplacée",
    "music_time_format": "{0}h {1}m {2}s",
    "music_to_position": "À la position",
    "music_unlimited": "Illimité",
    "music_volume_input_invalid": "Le volume doit être compris entre 0 et 100",
    "music_volume_set": "Volume réglé sur {0}%",
    "permissions_acm_disable": "Désactivation de TOUS LES MODULES pour le salon {0}.",
    "permissions_acm_enable": "Activation de TOUS LES MODULES pour le salon {0}.",
    "permissions_allowed": "Permis",
    "permissions_arm_disable": "Désactivation de TOUS LES MODULES pour le rôle {0}.",
    "permissions_arm_enable": "Activation de TOUS LES MODULES pour le rôle {0}.",
    "permissions_asm_disable": "Désactivation de TOUS LES MODULES sur ce serveur.",
    "permissions_asm_enable": "Activation de TOUS LES MODULES sur ce serveur.",
    "permissions_aum_disable": "Désactivation de TOUS LES MODULES pour l'utilisateur {0}.",
    "permissions_aum_enable": "Activation de TOUS LES MODULES pour l'utilisateur {0}.",
    "permissions_blacklisted": "{0} sur liste noire avec l'ID {1}",
    "permissions_cmdcd_add": "La commande {0} a désormais {1}s de temps de recharge.",
    "permissions_cmdcd_cleared": "La commande {0} n'a plus de temps de recharge et tous les temps de recharge ont été réinitialisés.",
    "permissions_cmdcd_none": "Aucune commande n'a de temps de recharge.",
    "permissions_command_costs": "Coût de la commande :",
    "permissions_cx_disable": "Désactivation: {1} {0} sur le salon {2}.",
    "permissions_cx_enable": "Activation: {1} {0} sur le salon {2}.",
    "permissions_denied": "Refusé",
    "permissions_filter_word_add": "Ajout du mot {0} à la liste des mots filtrés.",
    "permissions_filter_word_list": "Liste Des Mots Filtrés",
    "permissions_filter_word_remove": "Suppression du mot {0} de la liste des mots filtrés.",
    "permissions_invalid_second_param_between": "Second paramètre invalide. (nécessite un nombre entre {0} et {1})",
    "permissions_invite_filter_channel_off": "Filtrage des invitations désactivé sur ce salon.",
    "permissions_invite_filter_channel_on": "Filtrage des invitations activé sur ce salon.",
    "permissions_invite_filter_server_off": "Filtrage des invitations désactivé sur le serveur.",
    "permissions_invite_filter_server_on": "Filtrage des invitations activé sur le serveur.",
    "permissions_moved_permission": "Permission {0} déplacée de #{1} à #{2}",
    "permissions_not_found": "Impossible de trouver la permission à l'index #{0}",
    "permissions_no_costs": "Aucun coût défini.",
    "permissions_of_command": "Commande",
    "permissions_of_module": "Module",
    "permissions_page": "Page {0} des permissions",
    "permissions_permrole": "Le rôle des permissions actuelles est {0}.",
    "permissions_permrole_changed": "Il faut maintenant avoir le rôle {0} pour modifier les permissions.",
    "permissions_perm_out_of_range": "Aucune permission trouvée à cet index.",
    "permissions_removed": "Supression des permissions #{0} - {1}",
    "permissions_rx_disable": "Désactivation: {1} {0} pour le rôle {2}.",
    "permissions_rx_enable": "Activation: {1} {0} pour le rôle {2}.",
    "permissions_sec": "sec.",
    "permissions_sx_disable": "Désactivation: {1} {0} sur tout le serveur.",
    "permissions_sx_enable": "Activation: {1} {0} sur tout le serveur.",
    "permissions_unblacklisted": "Débanni {0} avec l'ID {1}",
    "permissions_uneditable": "Non modifiable",
    "permissions_ux_disable": "Désactivation: {1} {0} pour l'utilisateur {2}.",
    "permissions_ux_enable": "Activation: {1} {0} pour l'utilisateur {2}.",
    "permissions_verbose_false": "Je n'afficherai plus les avertissements des permissions.",
    "permissions_verbose_true": "J'afficherai désormais les avertissements des permissions.",
    "permissions_word_filter_channel_off": "Filtrage des mots désactivé sur ce salon.",
    "permissions_word_filter_channel_on": "Filtrage des mots activé sur ce salon.",
    "permissions_word_filter_server_off": "Filtrage des mots désactivé sur le serveur.",
    "permissions_word_filter_server_on": "Filtrage des mots activé sur le serveur.",
    "searches_abilities": "Capacités",
    "searches_anime_no_fav": "Pas encore d'anime préféré",
    "searches_atl_ad_started": "Traduction automatique des messages activée sur ce salon. Les messages utilisateurs vont désormais être supprimés.",
    "searches_atl_removed": "Votre langue de traduction à été supprimée.",
    "searches_atl_set": "Votre langue de traduction a été changée de {0} à {1}",
    "searches_atl_started": "Traduction automatique des messages commencée sur ce salon.",
    "searches_atl_stopped": "Traduction automatique des messages arrêtée sur ce salon.",
    "searches_bad_input_format": "Le format est invalide ou une erreur s'est produite.",
    "searches_card_not_found": "Impossible de trouver cette carte.",
    "searches_catfact": "fait",
    "searches_chapters": "Chapitres",
    "searches_comic_number": "Bande dessinée #",
    "searches_compet_loses": "Parties compétitives perdues",
    "searches_compet_played": "Parties compétitives jouées",
    "searches_compet_rank": "Rang en compétitif",
    "searches_compet_wins": "Parties compétitives gagnées",
    "searches_completed": "Complétés",
    "searches_condition": "Condition",
    "searches_cost": "Coût",
    "searches_date": "Date",
    "searches_define": "Définis:",
    "searches_dropped": "Abandonnés",
    "searches_episodes": "Episodes",
    "searches_error_occured": "Une erreur s'est produite.",
    "searches_example": "Exemple",
    "searches_failed_finding_anime": "Impossible de trouver cet anime.",
    "searches_failed_finding_manga": "Impossible de trouver ce manga.",
    "searches_genres": "Genres",
    "searches_hashtag_error": "Impossible de trouver une définition pour ce hashtag.",
    "searches_height_weight": "Taille/Poid",
    "searches_height_weight_val": "{0}m/{1}kg",
    "searches_humidity": "Humidité",
    "searches_image_search_for": "Recherche d'images pour:",
    "searches_imdb_fail": "Impossible de trouver ce film.",
    "searches_invalid_lang": "Langue d'origine ou de destination invalide.",
    "searches_jokes_not_loaded": "Blagues non chargées.",
    "searches_latlong": "Lat/Long",
    "searches_level": "Niveau",
    "searches_list_of_place_tags": "Liste de tags pour {0}place.",
    "searches_location": "Emplacement",
    "searches_magicitems_not_loaded": "Les objets magiques ne sont pas chargés.",
    "searches_mal_profile": "Profil MAL de {0}",
    "searches_mashape_api_missing": "Le propriétaire du Bot n'a pas spécifié de clé d'API Mashape (MashapeApiKey). Fonctionnalité non disponible",
    "searches_min_max": "Min/Max",
    "searches_no_channel_found": "Aucun salon trouvé.",
    "searches_no_results": "Aucun résultat trouvé.",
    "searches_on_hold": "En attente",
    "searches_original_url": "Url d'origine",
    "searches_osu_api_key": "Une clé d'API osu! est nécessaire.",
    "searches_osu_failed": "Impossible de récupérer la signature osu!.",
    "searches_over_x": "Trouvé dans {0} images. Affichage de {0} aléatoires.",
    "searches_ow_user_not_found": "Utilisateur non trouvé! Veuillez vérifier la région ainsi que le BattleTag avant de réessayer.",
    "searches_plan_to_watch": "Prévus de regarder",
    "searches_platform": "Plateforme",
    "searches_pokemon_ability_none": "Attaque non trouvée.",
    "searches_pokemon_none": "Pokémon non trouvé.",
    "searches_profile_link": "Lien du profil :",
    "searches_quality": "Qualité",
    "searches_quick_playtime": "Temps en parties rapides",
    "searches_quick_wins": "Parties rapides gagnées",
    "searches_rating": "Évaluation",
    "searches_score": "Score:",
    "searches_search_for": "Recherche pour:",
    "searches_shorten_fail": "Impossible de réduire cette Url.",
    "searches_short_url": "Url réduite",
    "searches_something_went_wrong": "Une erreur s'est produite.",
    "searches_specify_search_params": "Veuillez spécifier les paramètres de recherche.",
    "searches_status": "Statut",
    "searches_store_url": "Url du magasin",
    "searches_streamer_offline": "Le streamer {0} est hors ligne.",
    "searches_streamer_online": "Le streamer {0} est en ligne avec {1} viewers.",
    "searches_streams_following": "Vous suivez {0} streams sur ce serveur.",
    "searches_streams_none": "Vous ne suivez aucun stream sur ce serveur.",
    "searches_stream_no": "Aucun stream de ce nom.",
    "searches_stream_not_exist": "Ce stream n'existe probablement pas.",
    "searches_stream_removed": "Stream de {0} ({1}) retirée des notifications.",
    "searches_stream_tracked": "Je préviendrai ce salon lors d'un changement de statut.",
    "searches_sunrise": "Aube",
    "searches_sunset": "Crépuscule",
    "searches_temperature": "Température",
    "searches_title": "Titre:",
    "searches_top_3_fav_anime": "Top 3 anime favoris",
    "searches_translation": "Traduction:",
    "searches_types": "Types",
    "searches_ud_error": "Impossible de trouver une définition pour ce terme.",
    "searches_url": "Url",
    "searches_viewers": "Viewers",
    "searches_watching": "En écoute",
    "searches_wikia_error": "Impossible de trouver ce terme sur le wikia spécifié.",
    "searches_wikia_input_error": "Entrez un wikia cible, suivi d'une requête de recherche.",
    "searches_wiki_page_not_found": "Page non trouvée.",
    "searches_wind_speed": "Vitesse du vent",
    "searches_x_most_banned_champs": "Les {0} champions les plus bannis",
    "searches_yodify_error": "Impossible de yodifier votre phrase.",
    "utiliity_joined": "Rejoint",
    "utility_activity_line": "`{0}.` {1} [{2:F2}/s] - {3} total",
    "utility_activity_page": "Page d'activité #{0}",
    "utility_activity_users_total": "{0} utilisateurs en total.",
    "utility_author": "Créateur",
    "utility_botid": "ID du Bot",
    "utility_calcops": "Liste des fonctions pour la commande {0}calc",
    "utility_channelid": "{0} de ce salon est {1}",
    "utility_channel_topic": "Sujet du salon",
    "utility_commands_ran": "Commandes exécutées",
    "utility_convert": "{0} {1} est équivalent à {2} {3}",
    "utility_convertlist": "Unités pouvant être converties :",
    "utility_convert_not_found": "Impossible de convertir {0} en {1}: unités non trouvées",
    "utility_convert_type_error": "Impossible de convertir {0} en {1} : les types des unités ne sont pas compatibles.",
    "utility_created_at": "Créé le",
    "utility_custom_emojis": "Emojis personnalisées",
    "utility_error": "Erreur",
    "utility_features": "Fonctionnalités",
    "utility_id": "ID",
    "utility_index_out_of_range": "Index hors limites.",
    "utility_inrole_list": "Liste des utilisateurs ayant le rôle {0}:",
    "utility_inrole_not_allowed": "Vous ne pouvez pas utiliser cette commande sur les rôles associés à beaucoup d'utilisateurs afin d'éviter les abus.",
    "utility_invalid_value": "Valeur {0} invalide.",
    "utility_joined_discord": "Discord rejoint",
    "utility_joined_server": "Serveur rejoint",
    "utility_listservers": "ID: {0}\nMembres: {1}\nID du propriétaire: {2}",
    "utility_listservers_none": "Aucun serveur trouvée sur cette page.",
    "utility_list_of_repeaters": "Liste des messages répétés",
    "utility_members": "Membres",
    "utility_memory": "Mémoire",
    "utility_messages": "Messages",
    "utility_message_repeater": "Répétition de messages",
    "utility_name": "Nom",
    "utility_nickname": "Pseudonyme",
    "utility_nobody_playing_game": "Personne ne joue à ce jeu.",
    "utility_no_active_repeaters": "Aucune répétition active.",
    "utility_no_roles_on_page": "Aucun rôle sur cette page.",
    "utility_no_shards_on_page": "Aucun shard sur cette page.",
    "utility_no_topic_set": "Aucun sujet défini.",
    "utility_owner": "Propriétaire",
    "utility_owner_ids": "ID des propriétaires",
    "utility_presence": "Présence",
    "utility_presence_txt": "{0} Serveurs\n{1} Salons Textuels\n{2} Salons Vocaux",
    "utility_quotes_deleted": "Toutes les citations possédant le mot-clé {0} ont été supprimées.",
    "utility_quotes_page": "Page {0} des citations",
    "utility_quotes_page_none": "Aucune citation sur cette page.",
    "utility_quotes_remove_none": "Aucune citation que vous puissiez supprimer n'a été trouvé.",
    "utility_quote_added": "Citation ajoutée",
    "utility_quote_deleted": "Citation #{0} supprimée.",
    "utility_region": "Région",
    "utility_registered_on": "Inscrit sur",
    "utility_remind": "Je vais rappeler {0} de {1} dans {2} `({3:d.M.yyyy} à {4:HH:mm})`",
    "utility_remind_invalid_format": "Format de date non valide. Vérifiez la liste des commandes.",
    "utility_remind_template": "Nouveau modèle de rappel défini.",
    "utility_repeater": "Répétition de {0} chaque {1} jour(s), {2} heure(s) et {3} minute(s).",
    "utility_repeaters_list": "Liste des répétitions",
    "utility_repeaters_none": "Aucune répétition active sur ce serveur.",
    "utility_repeater_stopped": "#{0} arrêté.",
    "utility_repeat_invoke_none": "Pas de message répété trouvé sur ce serveur.",
    "utility_result": "Résultat",
    "utility_roles": "Rôles",
    "utility_roles_all_page": "Page #{0} de tous les rôles de ce serveur:",
    "utility_roles_page": "Page #{0} des rôles pour {1}",
    "utility_rrc_no_colors": "Aucune couleur n'est dans le bon format. Utilisez `#00ff00` par exemple.",
    "utility_rrc_start": "Alternance de couleurs pour le rôle {0} activée.",
    "utility_rrc_stop": "Alternance de couleurs pour le rôle {0} désactivée.",
    "utility_serverid": "{0} de ce serveur est {1}",
    "utility_server_info": "Info du serveur",
    "utility_shard": "Shard",
    "utility_shard_stats": "Statistique des shards",
    "utility_shard_stats_txt": "Le shard **#{0}** est en état {1} avec {2} serveurs.",
    "utility_showemojis": "**Nom:** {0} **Lien:** {1}",
    "utility_showemojis_none": "Pas d'emojis spéciaux trouvés.",
    "utility_stats_songs": "Joue actuellement {0} piste(s), {1} en attente.",
    "utility_text_channels": "Salons textuels",
    "utility_togtub_room_link": "Voici le lien pour votre salon:",
    "utility_uptime": "Durée de fonctionnement",
    "utility_userid": "{0} de l'utilisateur {1}: {2}",
    "utility_users": "Utilisateurs",
    "utility_voice_channels": "Salons vocaux",
    "gambling_animal_race_already_in": "Vous avez déjà rejoint cette course!",
    "games_current_poll_results": "Résultats du sondage actuel",
    "games_no_votes_cast": "Aucun vote enregistré.",
    "games_poll_already_running": "Un sondage est déjà en cours sur ce serveur.",
    "games_poll_created": "📃 {0} a créé un sondage qui requiert votre attention:",
    "games_poll_result": "`{0}.` {1} avec {2} votes.",
    "games_poll_voted": "{0} a voté.",
    "games_poll_vote_private": "Envoyez moi un message privé avec le numéro correspondant à la réponse.",
    "games_poll_vote_public": "Envoyez un Message ici avec le numéro correspondant à la réponse.",
    "games_thanks_for_voting": "Merci d'avoir voté, {0}",
    "games_x_votes_cast": "{0} votes enregistrés au total.",
    "games_pick_pl": "Ramassez-les en écrivant `{0}pick`",
    "games_pick_sn": "Ramassez-le en écrivant `{0}pick`",
    "gambling_no_users_found": "Aucun utilisateur trouvé.",
    "gambling_page": "page {0}",
    "administration_must_be_in_voice": "Vous devez être sur un salon vocal sur ce serveur.",
    "administration_no_vcroles": "Il n'y a pas de rôle de salon vocal.",
    "administration_user_muted_time": "{0} est désormais **muet** du chat textuel et vocal pour {1} minutes.",
    "administration_vcrole_added": "Les utilisateurs rejoignant le salon vocal {0} obtiendront le rôle {1}.",
    "administration_vcrole_removed": "Les utilisateurs rejoignant le salon vocal {0} n’obtiendront plus de rôle.",
    "administration_vc_role_list": "Rôles du salon vocal",
    "customreactions_crad_disabled": "Le message déclenchant la réaction personnalisée avec l'ID {0} ne sera pas automatiquement effacé.",
    "customreactions_crad_enabled": "Le message déclenchant la réaction personnalisée avec l'ID {0} sera  automatiquement effacé.",
    "customreactions_crdm_disabled": "Le message de réponse pour la réaction personnalisée avec l'ID {0} ne sera pas envoyé en MP.",
    "customreactions_crdm_enabled": "Le message de réponse pour la réaction personnalisée avec l'ID {0} sera envoyé en MP.",
    "utility_aliases_none": "Pas d'alias trouvé.",
    "utility_alias_added": "{0} sera maintenant l'alias de {1}.",
    "utility_alias_list": "Liste des alias",
    "utility_alias_removed": "{0} n'a plus d'alias.",
    "utility_alias_remove_fail": "{0} n'avait pas d'alias.",
    "searches_compet_playtime": "Temps en jeu compétitif.",
    "administration_channel": "Salon",
    "administration_command_text": "Texte de la commande.",
    "administration_kicked_pl": "Expulsés",
    "administration_moderator": "Modérateur",
    "administration_page": "Page {0}",
    "administration_reason": "Raison",
    "administration_scadd": "Nouvelle commande au démarrage ajoutée.",
    "administration_scrm": "Commande au démarrage retirée.",
    "administration_scrm_fail": "Commande au démarrage introuvable.",
    "administration_server": "Serveur",
    "administration_startcmdlist_none": "Aucune commande de démarrage sur cette page.",
    "administration_startcmds_cleared": "Toutes les commandes au démarrage ont été retirées.",
    "administration_unbanned_user": "L'utilisateur {0} a été débanni.",
    "administration_user_not_found": "Utilisateur introuvable.",
    "administration_user_warned": "L'utilisateur {0} a été averti.",
    "administration_user_warned_and_punished": "L'utilisateur {0} a été averti et la punition {1} a été appliquée.",
    "administration_warned_on": "Averti sur le serveur {0}",
    "administration_warned_on_by": "Le {0} à {1} par {2}",
    "administration_warnings_cleared": "Tous les avertissements ont été effacés pour {0}.",
    "administration_warnings_none": "Pas d'avertissement sur cette page.",
    "administration_warnlog_for": "Log d'avertissement pour {0}",
    "administration_warnpl_none": "Pas de punition définie.",
    "administration_warn_cleared_by": "Effacé par {0}",
    "administration_warn_punish_list": "Liste des avertissements de punitions.",
    "administration_warn_punish_rem": "Avoir {0} avertissements ne déclenche plus de punition.",
    "administration_warn_punish_set": "J'appliquerai la punition {0} aux utilisateurs ayant {1} avertissements.",
    "administration_slowmodewl_role_start": "Le mode lent ignorera le rôle {0}.",
    "administration_slowmodewl_role_stop": "Le mode lent n'ignorera plus le rôle {0}.",
    "administration_slowmodewl_user_start": "Le mode lent ignorera l'utilisateur {0}.",
    "administration_slowmodewl_user_stop": "Le mode lent n'ignorera plus l'utilisateur {0}.",
    "utility_clpa_fail": "Échec de la réclamation des récompenses à cause d'une des raisons suivantes:",
    "utility_clpa_fail_already": "Vous avez peut-être déjà reçu votre récompense mensuelle. Vous ne pouvez recevoir qu'une récompense mensuelle sauf si vous augmentez votre engagement.",
    "utility_clpa_fail_already_title": "Déjà récompensé",
    "utility_clpa_fail_conn": "Votre compte Discord n'est peut-être pas connecté à Patreon. Si vous n'êtes pas sur de ce que cela signifie, ou ne savez pas comment le faire, rendez-vous sur la [page de configuration de votre compte Patreon](https://patreon.com/settings/account) et cliquez sur 'Connect to discord'.",
    "utility_clpa_fail_conn_title": "Compte Discord non connecté",
    "utility_clpa_fail_sup": "Pour être éligible à la récompense, vous devez supporter le projet sur Patreon. Vous pouvez utiliser la commande {0} afin d'avoir le lien.",
    "utility_clpa_fail_sup_title": "Pas un Patreon",
    "utility_clpa_fail_wait": "Vous devez attendre quelques heures après avoir fait votre engagement. Si ce n'est pas le cas, réessayez plus tard.",
    "utility_clpa_fail_wait_title": "Veuillez patienter",
    "utility_clpa_success": "Vous avez reçu {0}. Merci de supporter le projet!",
    "utility_clpa_too_early": "Les récompenses peuvent être réclamés le 5e du mois ou après.",
    "searches_time": "Heure locale de {0}: {1} - {2}",
    "administration_rh": "Affichage du rôle {0} de manière séparée: {1}.",
    "gambling_name": "Nom",
    "gambling_shop": "Magasin",
    "gambling_shop_item_add": "Objet ajouté au magasin",
    "gambling_shop_none": "Aucun objet trouvé sur cette page du magasin.",
    "gambling_shop_role": "Vous recevrez le rôle {0}.",
    "gambling_type": "Type",
    "utility_clpa_next_update": "Prochaine mise à jour dans {0}",
    "administration_gvc_disabled": "Les salons vocaux de jeux ont été désactivés sur ce serveur.",
    "administration_gvc_enabled": "{0} est maintenant un salon vocal de jeu.",
    "administration_not_in_voice": "Vous n'êtes pas connectés à un salon vocal sur ce serveur.",
    "gambling_item": "Objet",
    "gambling_out_of_stock": "Rupture de stock.",
    "gambling_random_unique_item": "Objet unique aléatoire",
    "gambling_shop_buy_error": "Erreur dans l'envoi de l'objet par MP. Vous avez été remboursé.",
    "gambling_shop_item_not_found": "Aucun objet correspondant à ce numéro n'a été trouvé.",
    "gambling_shop_item_purchase": "Achat effectué avec succès.",
    "gambling_shop_item_rm": "Objet retiré du magasin",
    "gambling_shop_item_wrong_type": "Ce type de magasin ne supporte pas l'ajout d'objets.",
    "gambling_shop_list_item_added": "Objet ajouté avec succès.",
    "gambling_shop_list_item_not_unique": "Objet déjà ajouté au magasin.",
    "gambling_shop_purchase": "Achat sur le serveur {0}",
    "gambling_shop_role_not_found": "Le rôle en vente n'existe plus.",
    "gambling_shop_role_purchase": "Vous avez acheté le rôle {0} avec succès.",
    "gambling_shop_role_purchase_error": "Erreur lors de l'affectation du rôle. Vous avez été remboursé.",
    "gambling_unique_items_left": "{0} objets uniques restants.",
    "permissions_blocked_commands": "Commandes bloquées",
    "permissions_blocked_modules": "Modules bloqués",
    "permissions_gcmd_add": "La commande {0} a été désactivée sur tous les serveurs.",
    "permissions_gcmd_remove": "La commande {0} a été activée sur tous les serveurs.",
    "permissions_gmod_add": "Le module {0} a été désactivé sur tous les serveurs.",
    "permissions_gmod_remove": "Le module {0} a été activé sur tous les serveurs.",
    "permissions_lgp_none": "Aucune commande ou module n'est bloqué.",
    "gambling_animal_race_no_race": "Cette course d'animaux est complète!",
    "utility_cant_read_or_send": "Vous ne pouvez pas lire ou envoyer de messages à ce salon.",
    "utility_quotes_notfound": "Aucune citation correspondant à l'ID spécifié n'a été trouvée.",
    "administration_prefix_current": "Le préfixe sur ce serveur est {0}",
    "administration_prefix_new": "Le préfixe sur ce serveur a changé de {0} à {1}",
    "administration_defprefix_current": "Le préfixe par défaut du bot est {0}",
    "administration_defprefix_new": "Le préfixe par défaut du bot a changé de {0} à {1}",
    "administration_bot_nick": "Le surnom du bot est maintenant {1}.",
    "administration_user_nick": "Le surnom de l’utilisateur {0} est maintenant {1}.",
    "administration_timezone_guild": "Le fuseau horaire de cette guilde est '{0}'",
    "administration_timezone_not_found": "Fuseau horaire introuvable. Utilisez la commande \"timezones\" pour voir la liste des fuseaux disponibles.",
    "administration_timezones_available": "Fuseaux horaires disponibles",
    "music_song_not_found": "Aucune chanson trouvée.",
    "searches_define_unknown": "La définition pour se terme est introuvable.",
    "utility_repeater_initial": "Le message répétitif initial sera envoyé dans {0}h et {1}min.",
    "utility_verbose_errors_enabled": "Les commandes utilisées incorrectement afficheront les erreurs.",
    "utility_verbose_errors_disabled": "Les commandes utilisées incorrectement n'afficheront plus d'erreurs.",
    "permissions_perms_reset": "Les permissions ont été réinitialisées sur ce serveur.",
    "permissions_trigger": "Action impossible en raison de la permission #{0} {1}.",
    "administration_migration_error": "Erreur lors de la migration, veuillez vérifier la console pour plus d'informations.",
    "searches_hex_invalid": "Couleur spécifiée invalide.",
    "permissions_global_perms_reset": "Les permissions globales ont été réinitialisées.",
    "help_module": "Module : {0}",
    "games_hangman_stopped": "Partie de pendu suspendue.",
    "music_autoplaying": "Écoute automtique.",
    "music_queue_stopped": "Le lecteur est arrêté. Utilisez la commande {0} pour relancer le lecteur.",
    "music_removed_song_error": "La chanson avec cet index n'existe pas",
    "music_shuffling_playlist": "Lecture aléatoire des chansons",
    "music_songs_shuffle_enable": "Les chansons seront désormais lues de façon aléatoire.",
    "music_songs_shuffle_disable": "Les chansons ne seront plus désormais lues de façon aléatoire.",
    "music_song_skips_after": "La chanson passera à la suivante après {0}",
    "administration_warnings_list": "Liste de tous les utilisateurs ayant un avertissement sur le serveur.",
    "customreactions_redacted_too_long": "Édité car c'est trop long.",
    "nsfw_blacklisted_tag_list": "Liste des tags en liste noire:",
    "nsfw_blacklisted_tag": "Un ou plusieurs tags que vous avez utilisés sont en liste noire",
    "nsfw_blacklisted_tag_add": "Le tag nsfw {0} est maintenant en liste noire.",
    "nsfw_blacklisted_tag_remove": "Le tag nsfw {0} n'est plus en liste noire.",
    "gambling_waifu_gift": "Donné {0} à {1}",
    "gambling_waifu_gift_shop": "Boutique cadeau pour Waifu",
    "gambling_gifts": "Cadeaux",
    "games_connect4_created": "Partie de Connect4 créée. En attente de joueurs.",
    "games_connect4_player_to_move": "Joueur en cours: {0}",
    "games_connect4_failed_to_start": "La partie de Connect4 est annulée car personne ne l'a rejoint.",
    "games_connect4_draw": "La partie de Connect4 s'est terminée en égalitée.",
    "games_connect4_won": "{0} a gagné la partie de Connect4 contre {1}.",
    "games_nunchi_joined": "Partie de Nunchi rejoint. {0} joueurs l'ont rejoint jusqu'à présent.",
    "games_nunchi_ended": "Partie de Nunchi terminée. {0} a gagné",
    "games_nunchi_ended_no_winner": "La partie de Nunchi s'est terminée sans gagnant.",
    "games_nunchi_started": "Partie de Nunchi démarrée avec {0} participants",
    "games_nunchi_round_ended": "Tour de Nunchi est terminé. {0} est hors de la partie.",
    "games_nunchi_round_ended_boot": "Le tour de Nunchi est terminé dut à l'inactivité de quelques joueurs. Ces joueurs sont toujours dans la partie: {0}",
    "games_nunchi_round_started": "Tour de Nunchi démarré avec {0} joueurs. Commencez à compter a partir du nombre {1}",
    "games_nunchi_next_number": "Nombre enregistré. Le dernier nombre était {0}.",
    "games_nunchi_failed_to_start": "La partie de Nunchi n'a pas pu démarré car il n'y a pas assez de participants.",
    "games_nunchi_created": "Partie de Nunchi créée. En attente de joueursé",
    "music_sad_enabled": "Les pistes seront effacés de la liste de lecture lorsqu'elles seront terminés.",
    "music_sad_disabled": "Les pistes ne seront plus effacés de la liste de lecture lorsqu'elles seront terminés.",
    "utility_stream_role_enabled": "Lorsqu'un utilisateur du rôle {0} commencera à streamer, je lui donnerai le rôle {1}.",
    "utility_stream_role_disabled": "La fonctionnalité du rôle streamer a été désactivée",
    "utility_stream_role_kw_set": "Les streamers requièrent le mot clé {0} afin de recevoir le rôle.",
    "utility_stream_role_kw_reset": "Mot clé de stream réinitialisé.",
    "utility_stream_role_bl_add": "L'utilisateur {0} ne recevra jamais le rôle streameur.",
    "utility_stream_role_bl_add_fail": "L'utilisateur {0} est déjà sur liste noire.",
    "utility_stream_role_bl_rem": "L'utilisateur {0} n'est désormais plus sur liste noire.",
    "utility_stream_role_bl_rem_fail": "L'utilisateur {0} n'est pas sur liste noire.",
    "utility_stream_role_wl_add": "L'utilisateur {0} recevra le rôle streameur même s'ils n'ont pas le mot-clé dans le titre sur stream.",
    "utility_stream_role_wl_add_fail": "L'utilisateur {0} est déjà sur liste blanche.",
    "utility_stream_role_wl_rem": "L'utilisateur {0} n'est désormais plus sur liste blanche.",
    "utility_stream_role_wl_rem_fail": "L'utilisateur {0} n'est pas sur liste blanche.",
    "utility_bot_config_edit_fail": "Le réglage {0} à échoué à la valeur {1}",
    "utility_bot_config_edit_success": "La valeur de {0} a été mise à {1}",
    "customreactions_crca_disabled": "La réaction personnalisée avec l'id {0} ne se déclenchera plus sauf si le mot déclencheur est au début de la phrase.",
    "customreactions_crca_enabled": "La réaction personnalisée avec l'id {0} se déclenchera si elle est à n'importe quel endroit dans la phrase.",
    "xp_server_level": "Niveau sur le serveur",
    "xp_level": "Niveau",
    "xp_club": "Club",
    "xp_xp": "Expérience",
    "xp_excluded": "{0} a été exclu du système XP sur ce serveur.",
    "xp_not_excluded": "{0} n'est plus exclu du système XP sur ce serveur.",
    "xp_exclusion_list": "Liste des exclus",
    "xp_server_is_excluded": "Ce serveur est exclu.",
    "xp_server_is_not_excluded": "Ce serveur n'est pas exclu.",
    "xp_excluded_roles": "Rôles exclus.",
    "xp_excluded_channels": "Salons exclus.",
    "xp_level_up_channel": "Félicitations {0}, vous avez atteint le niveau {1}!",
    "xp_level_up_dm": "Félicitations {0}, vous avez atteint le niveau {1} sur le serveur {2}!",
    "xp_level_up_global": "Félicitations {0}, vous avez atteint le niveau global {1}!",
    "xp_role_reward_cleared": "Le niveau {0} ne récompensera plus d'un rôle.",
    "xp_role_reward_added": "Les utilisateurs qui atteignent le niveau {0} recevront le rôle {1}.",
    "xp_role_rewards": "Rôles en récompenses",
    "xp_level_x": "Niveau {0}",
    "xp_no_role_rewards": "Aucun rôle en récompense sur cette page.",
    "xp_server_leaderboard": "Tableau de classement de l'XP serveur",
    "xp_global_leaderboard": "Tableau de classement de l'XP global",
    "xp_modified": "L'XP serveur a été modifiée pour l'utilisateur {0} par {1}",
    "xp_club_create_error": "Échec de la création du club. Vérifiez que vous êtes supérieur au niveau 5 et n'êtes pas déjà membre d'un club.",
    "xp_club_created": "Le club {0} a été créé avec succès!",
    "xp_club_not_exists": "Ce club n'existe pas.",
    "xp_club_applied": "Vous avez postulé pour être membre dans le club {0}.",
    "xp_club_apply_error": "Erreur lors de la postulation. Vous êtes soit déjà membre du club, soit vous n'avez pas le niveau minimum requis pour postuler, soit vous avez été bannis de celui-ci.",
    "xp_club_accepted": "L'utilisateur {0} a été accepté dans le club.",
    "xp_club_accept_error": "Utilisateur non trouvé",
    "xp_club_left": "Vous avez quitté le club.",
    "xp_club_not_in_club": "Vous n'êtes pas dans un club, ou vous essayez de quitter le club dont vous êtes le propriétaire.",
    "xp_club_user_kick": "L'utilisateur {0} a été expulsé du club {1}",
    "xp_club_user_kick_fail": "Erreur lors de l'expulsion. Vous n'êtes soit pas le propriétaire du club, soit l'utilisateur n'est pas dans votre club.",
    "xp_club_user_banned": "L'utilisateur {0} a été banni du club {1}",
    "xp_club_user_ban_fail": "Échec du bannissement. Vous n'êtes soit pas le propriétaire du club, soit l'utilisateur n'est pas dans votre club ou n'y a pas postulé. ",
    "xp_club_user_unbanned": "L'utilisateur {0} a été gracié du club {0}",
    "xp_club_user_unban_fail": "Échec de la grâce. Vous n'êtes soit pas le propriétaire du club, soit l'utilisateur n'est pas dans votre club ou n'y a pas postulé.",
    "xp_club_level_req_changed": "Changement du niveau requis pour le club à {0}",
    "xp_club_level_req_change_error": "Échec dans le changement du niveau requis.",
    "xp_club_disbanded": "Le club {0} a été dissous",
    "xp_club_disband_error": "Erreur. Vous n'êtes soit pas dans un club, soit pas le propriétaire de votre club.",
    "xp_club_icon_error": "L'url de l'image n'est pas valide ou vous n'êtes pas le propriétaire du club.",
    "xp_club_icon_set": "Nouvelle icône du club définie.",
    "xp_club_bans_for": "Bannis du club {0}",
    "xp_club_apps_for": "Postulants pour le club {0}",
    "xp_club_leaderboard": "Tableau de classement du club - page {0}"
}