{
    "clashofclans_base_already_claimed": "تم الاسنيلاء على القاعدة ,او مدمرة",
    "clashofclans_base_already_destroyed": "القاعدة مدمرة",
    "clashofclans_base_already_unclaimed": "تلك القاعدة غير محتلة",
    "clashofclans_base_destroyed": "** تدمير** القاعدة #{0} في الحرب ضد {1}",
    "clashofclans_base_unclaimed": "{0}**قد تنازل**عن قاعدة #{1} في الحرب ضد {2}",
    "clashofclans_claimed_base": "{0} استولى على قاعدة #{1} في الحرب ضد {2}",
    "clashofclans_claimed_other": "@{0} أنت استوليت بالفعل قاعدة # {1}. لا يمكنك المطالبة بوحدة جديدة.",
    "clashofclans_claim_expired": "الاستولى من @{0} في الحرب ضد {1} قد انته.",
    "clashofclans_enemy": "عدو",
    "clashofclans_info_about_war": "معلومات عن الحرب ضد {0}",
    "clashofclans_invalid_base_number": "رقم القاعدة خطأ.",
    "clashofclans_invalid_size": "غير متاح حجم الحرب.",
    "clashofclans_list_active_wars": "قائمة الحرب القائمة",
    "clashofclans_not_claimed": "غير محتلة",
    "clashofclans_not_partic": "انت لست مدرج في هذه الحرب",
    "clashofclans_not_partic_or_destroyed": "@{0} لست مشارك في الحرب , او ان القاعدة قد تدمرت",
    "clashofclans_no_active_wars": "لا توجد حروب ناشطة",
    "clashofclans_size": "حجم",
    "clashofclans_war_already_started": "الحرب ضد {0} قد بدأت",
    "clashofclans_war_created": "أنشئت حرب ضد {0}.",
    "clashofclans_war_ended": "الحرب ضد {0} قد انتهت",
    "clashofclans_war_not_exist": "هذه الحرب لا توجد",
    "clashofclans_war_started": "الحرب ضد {0} قد بدأت",
    "customreactions_all_stats_cleared": "كل خصائص الرموز التعبيرية المخصصى خالية",
    "customreactions_deleted": "تم محي الرمز التعبيري المخصص",
    "customreactions_insuff_perms": "أذونات غير كافية. البوت بحاجة الى تصريح المالك لتعديل الرد التفاعلي , وايضا المدير لتخصيص الرد التفاعلي",
    "customreactions_list_all": "فائمة الرموز التعبيرية المخصصة",
    "customreactions_name": "الرموز التعبيرية المخصصة",
    "customreactions_new_cust_react": "رمز تعبيري مخصص جديد",
    "customreactions_no_found": "لم يوجد هذا الرمز",
    "customreactions_no_found_id": "الرمز التعبيري المخصص ليس موجود حسب المدخل",
    "customreactions_response": "الإستجاب",
    "customreactions_stats": "احصائيات الرموز التعبيرية مخصصة",
    "customreactions_stats_cleared": "الخصائص خالية {0} للترميز التفاعلي",
    "customreactions_stats_not_found": "لا يوجد خصائص مفعلة متاحة , لم يتم اتخاذ اي اجراء.",
    "customreactions_trigger": "تفعيل",
    "nsfw_autohentai_stopped": "Autohentai توقف",
    "nsfw_not_found": "لا توجد نتائج.",
    "pokemon_already_fainted": "{0} قد اغمي عليه",
    "pokemon_already_full": "{0} عنده من قبل HP كامل",
    "pokemon_already_that_type": "لديك النوع التالي {0}.",
    "pokemon_attack": "استخدام {0}{1} على {2}{3} لضرر {4}.",
    "pokemon_cant_attack_again": "لا يمكنك الهجوم مرة أخرى دون انتقام!",
    "pokemon_cant_attack_yourself": "لا يمكنك الهجوم على نفسك.",
    "pokemon_fainted": "{0} اغمى عليه.",
    "pokemon_healed": "عالج {0} باستخدام واحد {1} .",
    "pokemon_hp_remaining": "{0} لديه {1} HP متبقي.",
    "pokemon_invalid_move": "لا يمكنك استخدام {0}. اكتب \"{1}ml\" لروئية لائحة التحريكات التي يمكنك استخدمها.",
    "pokemon_moves": "حرك القائمة الى {0} نوع .",
    "pokemon_not_effective": "غير فعالة.",
    "pokemon_no_currency": "لاتملك ما يكفي {0} .",
    "pokemon_revive_other": "أحيا {0} باستخدام {1} .",
    "pokemon_revive_yourself": "لقد احبيبت تقسك باستخدام واحد {0}.",
    "pokemon_settype_success": "لقد تم تغير النوع الى {0} مقابل {1} .",
    "pokemon_somewhat_effective": "انها فعالة إلى حد ما.",
    "pokemon_super_effective": "انها فعالة جدا .",
    "pokemon_too_many_moves": "لقد استخدمت اكثر من حركة في صف . لا تستطيع التحرك .",
    "pokemon_type_of_user": "نوع {0} هو {1} .",
    "pokemon_user_not_found": "المستخدم غير متاح .",
    "pokemon_you_fainted": "لقد اغمى عليك , لا تيستطيع التحرك !",
    "administration_aar_disabled": "**تعين دور ** على ضخول مستخدم**تم تعطيله **.",
    "administration_aar_enabled": "**تعين دور ** على ضخول مستخدم**تم تشغيله **.",
    "administration_attachments": "مرفق .",
    "administration_avatar_changed": "تغير المظهر .",
    "administration_bandm": "تم طردك من السيرفر {0} .\nالسبب : {1} .",
    "administration_banned_pl": "تم طردك .",
    "administration_banned_user": "المستخدم مطرود .",
    "administration_bot_name": "تغير اسم البوت الى {0} .",
    "administration_bot_status": "خصائص البوت غيرت الى {0}.",
    "administration_byedel_off": "تم تعطيل الحذف الالي لرسالة الوداع.",
    "administration_byedel_on": "سيتم حذف رسالة الوداع بعد {0} ثواني .",
    "administration_byemsg_cur": "رسالة الوداع حاليا : {0} .",
    "administration_byemsg_enable": "تفعيل رسالة الوداع بكتابة {0} .",
    "administration_byemsg_new": "وضع رسالة وداع جديدة .",
    "administration_bye_off": "اعلان رسالة الوداع غير مفعلة .",
    "administration_bye_on": "اعلان رسالة الوداع مفعلة في هذه القناة .",
    "administration_ch_name_change": "تم تغير اسم القناة .",
    "administration_ch_old_name": "الاسم القديم .",
    "administration_ch_topic_change": "تم تغير موضوع القناة.",
    "administration_cleaned_up": "تم تنظيف المحتوى .",
    "administration_content": "المحتوى .",
    "administration_cr": "تم انشاء دور {0}.",
    "administration_createtextchan": "تم انشاء قناة رسائل {0} .",
    "administration_createvoich": "تم أنشاء قناة الصوت {0}.",
    "administration_deafen": "تم الطرش بنجاح .",
    "administration_deleted_server": "حذف السيرفر {0}.",
    "administration_delmsg_off": "تم وقف الحذف الالي  لأوامر الاستدعاء الناجحة.",
    "administration_delmsg_on": "سيتم الغاء الامر تلقائيا بعد التنفيذ .",
    "administration_deltextchan": "تم حذف قناة الرسائل {0}.",
    "administration_delvoich": "قناة الصوت {0} قد أحذفت.",
    "administration_dm_from": "رسالة خاصة من",
    "administration_donadd": "تم اضافة متبرع جديد بنجاح . اجمالي تبرعات هذا المستخدم {0} 👑",
    "administration_donators": "شكرا للجميع في القائمة التالية على مساهمتهم في تحقيق هذا المشروع!",
    "administration_fwall_start": "سوف ارسل الرسائل الخاصة الى جميع المالكين.",
    "administration_fwall_stop": "سوف ارسل الرسائل الخاصة الى المالك الأول فقط.",
    "administration_fwdm_start": "من الان فصاعدا سوف أرسل الرسائل الخاصة.",
    "administration_fwdm_stop": "من الان فصاعدا سوف أتوقف عن أرسال الرسائل الخاصة.",
    "administration_greetdel_off": "تم تعطيل الحذف الالي لرسائل التحية.",
    "administration_greetdel_on": "سوف يتم حذف رسائل التحية بعد {0} ثانية.",
    "administration_greetdmmsg_cur": "الرسالة الخاصة الحالية للتحية : {0}",
    "administration_greetdmmsg_enable": "تمكين DM رسائل التحية عن طريق كتابة {0}",
    "administration_greetdmmsg_new": "تم تثبيت رسالة التحية عبر رسالة خاصة.",
    "administration_greetdm_off": "تم تعطيل الإعلان عن التحية عبر الرسائل الخاصة.",
    "administration_greetdm_on": "تم تفعيل الإعلان عن التحية عبر الرسائل الخاصة.",
    "administration_greetmsg_cur": "رسالة التحية الحالية : {0}",
    "administration_greetmsg_enable": "يتم تفعيل رسائل التحية بكتابة {0}",
    "administration_greetmsg_new": "وضع رسالة تحية جديدة.",
    "administration_greet_off": "اعلان التحية غير مفعل .",
    "administration_greet_on": "اعلان التحية مفعل في هذه القناة .",
    "administration_hierarchy": "ليس باستطاعتك ان تستخدم هذا الأمر على المستخدمين بدور اعلى من دورك او مساوا له  في سلم الأدوار.",
    "administration_images_loaded": "تحميل الصور بعد {0} ثواني!",
    "administration_invalid_format": "ادخال خاطئ .",
    "administration_invalid_params": "معلمات غير صالحة.\n",
    "administration_joined": "انضم {0} الى {1}",
    "administration_kickdm": "لقد تم طردك من {0} السيرفر.\nالسبب: {1}",
    "administration_kicked_user": "تم طرد المستخدم .",
    "administration_lang_list": "قائمة اللغات .",
    "administration_lang_set": "لغة سيرفرك الان {0}-{1}",
    "administration_lang_set_bot": "لغة الألي إفتراضياً الآن {0} - {1}",
    "administration_lang_set_bot_show": "تم ضبط لغة البوت الى {0} - {1}",
    "administration_lang_set_fail": "فشل الضبط المحلي . قم بزيارة قائمة مساعدة الاوامر .",
    "administration_lang_set_show": "لغة السيرفر مضبوطة الى  {0} - {1} .",
    "administration_left": "{0} ترك {1}",
    "administration_left_server": "خرج من السيرفر {0}",
    "administration_log": "تسجيل هذا الحدث في القناة {0} .",
    "administration_log_all": "تسجيل جميع الاحداث في هذه القناة .",
    "administration_log_disabled": "تم تعطيل التسجيل.",
    "administration_log_events": "قائمة الاحداث التي يمكنك التسجيل بها .",
    "administration_log_ignore": "التسجيل سيتجاهل {0}",
    "administration_log_not_ignore": "التسجيل لن يتجاهل {0}",
    "administration_log_stop": "تم ايقاف تسجيل الحدث {0}.",
    "administration_menrole": "{0} قد استند إلى ذكر الأدوار التالية",
    "administration_message_from_bo": "رسالة من {0} `[ مالك البوت ]`:",
    "administration_message_sent": "تم ارسال الرسالة .",
    "administration_moved": "{0} تم تحريك من {1} الى {2} .",
    "administration_msg_del": "تم حذف الرسالة في {0}#",
    "administration_msg_update": "تم تحديث الرسالة في {0}#",
    "administration_muted_pl": "صامتة .",
    "administration_muted_sn": "صامتة .",
    "administration_mute_error": "ليس لدي الأذن الازم لذلك على ما يبدو.",
    "administration_mute_role_set": "ضبط اسكات لدور جديد .",
    "administration_need_admin": "أحتاج الى الأذن \"Administrator\" للقيام بذلك.",
    "administration_new_msg": "رسالة جديدة .",
    "administration_new_nick": "لقب جديد .",
    "administration_new_topic": "موضوع جديد .",
    "administration_nick_change": "تغير اللقب .",
    "administration_no_server": "لم أجد هذا السيرجر",
    "administration_no_shard_id": "لم يوجد مشاركة مع صاحب ID",
    "administration_old_msg": "رسائل قديمة .",
    "administration_old_nick": "لقب قديم .",
    "administration_old_topic": "موضوع قديم .",
    "administration_perms": "خطأ . على الاغلب لا امتلك الصلاحيات الكافية .",
    "administration_prot_active": "الحماية فعالة .",
    "administration_prot_disable": "تم تعطيل {0} على هذا السيرفر.",
    "administration_prot_enable": "{0} مفعل",
    "administration_prot_error": "خطأ. أحتاج الى الأذن ManageRoles",
    "administration_prot_none": "لس هنالك حماية فغالة.",
    "administration_raid_cnt": "يجب أن يكون المستخدم عتبة بين {0} و {1}.",
    "administration_raid_stats": "إذا {0} أو أكثر من المستخدمين الانضمام في {1} ثواني، سوف {2} لهم.",
    "administration_raid_time": "يجب أن يكون الوقت بين {0} و {1} ثواني.",
    "administration_rar": "تم حذف جميع الادوار من هذا المستخدم {0} .",
    "administration_rar_err": "فشل حذف الدور . لا امتلك الصلاحيات الكافية .",
    "administration_rc": "تم تغيير لون الدور{0} .",
    "administration_rc_not_exist": "الدور غير موجود.",
    "administration_rc_params": "المعلمات المحددة غير صالحة.",
    "administration_rc_perms": "حدث خطأ بسبب لون غير صالح أو أذونات غير كافية.",
    "administration_remrole": "تم ازالة دور {0} من المستخدم {1}",
    "administration_remrole_err": "فشل حذف الدور. لا امتلك الصلاحيات الكافية .",
    "administration_renrole": "تغير اسم الدور .",
    "administration_renrole_err": "فشل تغير الاسم . لا امتلك الصلاحيات الكافية .",
    "administration_renrole_perms": "لا يمكنك تعديل أدوار أعلى من أعلى دورك",
    "administration_reprm": "إزالة رسالة اللعب: {0}",
    "administration_role_added": "دور {0} تم أضيفت إلى القائمة.",
    "administration_role_clean": "{0} لم يتم العثور.تم تنظيفه",
    "administration_role_in_list": "دور {0} موجود بالفعل في القائمة.",
    "administration_ropl_added": "اضافة .",
    "administration_ropl_disabled": " تعطيل دوار وضع اللعب ",
    "administration_ropl_enabled": "تشغيل دوار وضع اللعب ",
    "administration_ropl_list": "هذه قائمة من الحالات الدورية:{0}",
    "administration_ropl_not_set": "لم يتعين اوضاع اللعب الدوري.",
    "administration_self_assign_already": "لديك بالفعل الدور{0}.",
    "administration_self_assign_already_excl": "لديك بالفعل دور{0} الحصري المعين لك.",
    "administration_self_assign_excl": "الادوار المخصصة للتعين الذاتي الان اصبحت خاصة!",
    "administration_self_assign_list": "هنالك {0} ادور مخصصة للتعين الذاتي .",
    "administration_self_assign_not": "الدور غير مخصص للتعين الذاتي .",
    "administration_self_assign_not_have": "ليس لديك دور {0}.",
    "administration_self_assign_no_excl": "الادوار المخصصة للتعين الذاتي الان اصبحت غير خاصة!",
    "administration_self_assign_perms": "لا أست",
    "administration_self_assign_rem": "{0} تمت إزالته من قائمة الأدوار الذاتية التعيين.",
    "administration_self_assign_remove": "انت لا تملك هذا الدور {0} بعد الان.",
    "administration_self_assign_success": "لقد اصبحت تملك هذا الدور {0} .",
    "administration_setrole": "تم اضافة الدور {0}  بنجاح الى مستخدم {1}.",
    "administration_setrole_err": "فشل اضافة الدور . لا امتلك الاذن الكافي .",
    "administration_set_avatar": "مظهر جديد ضبط .",
    "administration_set_channel_name": "ضبط اسم قناة جديد.",
    "administration_set_game": "تم اضافة لعبة جديدة !",
    "administration_set_stream": "تم اضافة بث جديد !",
    "administration_set_topic": "اسند موضوع جديد للقناة.",
    "administration_shard_reconnected": "شارد {0} اعيدت أتصالها.",
    "administration_shard_reconnecting": "شارد {0} يعادة الاتصال.",
    "administration_shutting_down": "جاري الأغلاق.",
    "administration_slowmode_desc": "لا يمكن للمستخدمين إرسال أكثر من {0} رسائل كل {1} ثواني.",
    "administration_slowmode_disabled": "الوضع البطيئ تم ايقافه .",
    "administration_slowmode_init": "الوضع البطيئ تم تفعيله .",
    "administration_soft_banned_pl": "حظر ناعم (رفض)",
    "administration_spam_ignore": "{0} سيتجاهل هذه القناة.",
    "administration_spam_not_ignore": "{0} لم يعد يتجاهل هذه القناة.",
    "administration_spam_stats": "إذا نشر مستخدم {0} نفس الرسائل على التوالي، فسوف أفعل {1} ببهم.\n __ignoredChannels__: {2}",
    "administration_text_chan_created": "قناة كتبه صنعت",
    "administration_text_chan_destroyed": "تدمير قناة المراسلة .",
    "administration_undeafen": "ازالة عدم السماع بنجاح .",
    "administration_unmuted_sn": "إلغاء الصامت",
    "administration_username": "اسم المستخدم",
    "administration_username_changed": "اسم المستخدم تغير",
    "administration_users": "المستخدمين .",
    "administration_user_banned": "المستخدم مطرود .",
    "administration_user_chat_mute": "{0} تم **صامتة** من الدردشة.",
    "administration_user_chat_unmute": "{0} تم **إلغاء صامتة** من الدردشة.",
    "administration_user_joined": "تم اضافة مستخدم .",
    "administration_user_left": "المستخدم غادر",
    "administration_user_muted": "{0} تم **صامتة** من الدردشة والدردشة الصوتية.",
    "administration_user_role_add": "أضافة دور المستخدم",
    "administration_user_role_rem": "إزالة دور المستخدم",
    "administration_user_status_change": "{0} اصبح الان {1}",
    "administration_user_unmuted": "{0} اصبح ** صامت ** في المراسلة والمحادثة .",
    "administration_user_vjoined": "{0} اشترك ب {1} قناة الصوت .",
    "administration_user_vleft": "{0} خرج من {1} قناة الصوت .",
    "administration_user_vmoved": "{0} تغير من {1} الى {2} قناة الصوتية.",
    "administration_user_voice_mute": "{0} تم **اسكات الصوت**",
    "administration_user_voice_unmute": "{0} تم ازالة  **اسكات الصوت**",
    "administration_voice_chan_created": "انشاء قناة صوت",
    "administration_voice_chan_destroyed": "تدمير قناة الصوت",
    "administration_vt_disabled": "ايقاف خصائص الصوت والكتابة",
    "administration_vt_enabled": "تفعيل خصائص الصوت والكتابة",
    "administration_vt_exit": "ليس لدي اذن ** إدارة الأدوار ** و / أو ** إدارة القنوات ** ، لذلك لا أستطيع تشغيل `صوت + النص` على السيرفر {0}.",
    "administration_vt_no_admin": "انت تفعيل / تعطيل هذه الميزة و ** ليس لدي أذونات ADMINISTRATOR **. قد يتسبب ذلك في بعض المشكلات، وسيكون عليك تنظيف القنوات النصية بنفسك بعد ذلك.",
    "administration_vt_perms": "أطلب على الاقل اذن ** إدارة الأدوار ** و ** إدارة القنوات ** لتمكين هذه الميزة. (مفضل إذن الإدارة )",
    "administration_xmuted_text": "المستخدم (0) من كتابة الرسائل",
    "administration_xmuted_text_and_voice": "المستخدم (0) من الكتابة ومحادثة الصوت",
    "administration_xmuted_voice": "المستخدم {0} من محادثة الصوت",
    "administration_sbdm": "لقد تم حظرك من {0} مزود.\nالسبب: {1}",
    "administration_user_unbanned": "ازالة الطرد عن المستخدم",
    "administration_migration_done": "تمت الهجرة !",
    "administration_presence_updates": "التحديث الحالي",
    "administration_sb_user": "المستخدم طرد-مخفض",
    "gambling_awarded": "تم  منح {0} الى {1}",
    "gambling_better_luck": "حظا اوفر المرة القادمة  ^_^",
    "gambling_br_win": "مبارك لقد فزت {0} دحرجة فوق {1}",
    "gambling_deck_reshuffled": "خلط ورق اللعب مرة ثانية",
    "gambling_flipped": "قلب {0}",
    "gambling_flip_guess": "لقد خمنتها ! فزت {0}",
    "gambling_flip_invalid": "رقم خطأ غير مخصص . بأمكانك قلب 1 الى {0} عملة نقدية",
    "gambling_flowerreaction_desc": "اضف الى {0} للحصول على الرمز التفاعلي ل{1}",
    "gambling_flowerreaction_footer": "الحدث مستمر لغاية {0} ساعة",
    "gambling_flowerreaction_title": "وردة الرمز التفاعلي بدأت !",
    "gambling_gifted": "لقد اهدا {0} الى {1}",
    "gambling_has": "{0} يملك {1}",
    "gambling_heads": "رأس",
    "gambling_leaderboard": "قائمة المتصدرين",
    "gambling_mass_award": "تم مكافئة {0} الى {1} المستخدم من دور {2}.",
    "gambling_max_bet_limit": "لايمكنك المزايدة اكثر من {0}",
    "gambling_min_bet_limit": "لا يمكنك المزايدة اقل من {0}",
    "gambling_not_enough": "انت لا تملك ما يكفي {0}",
    "gambling_no_more_cards": "لا مزيد للورق على الطاولة",
    "gambling_raffled_user": "بيع المستخدم يانصيب",
    "gambling_roll": "لقد دحرجت {0}",
    "gambling_slot_bet": "المزايدة",
    "gambling_slot_jackpot": "WOAAHHHHHH!!! مبارك !!!  {0}",
    "gambling_slot_single": "اشارة {0}, *{1}",
    "gambling_slot_three": "واو ! محظوظ! ثلاثة من نوع ! * {0}",
    "gambling_slot_two": "عمل جيد ! اثنين {0} - مزايدة *{1}",
    "gambling_slot_won": "فزت",
    "gambling_sneakygamestatus_desc": "يجب على المستخدمين كتابة رمز سري للحصول على {0}.\nتستمر {1} ثانية. لا تخبر أحدا. شهه.",
    "gambling_sneakygamestatus_end": " حدث SneakyGame انتهى . {0} المستخدمين استلمت الجوائز.",
    "gambling_sneakygamestatus_title": "حدث SneakyGameStatus قد بدأ",
    "gambling_tails": "ذيل",
    "gambling_take": "بنجاح اخذت {0} من {1}",
    "gambling_take_fail": "لم استطع اخذ {0} من {1} بسبب المستخدم لا يملك ما يكفي من {2}!",
    "help_back_to_toc": "العودة الى TOC",
    "help_bot_owner_only": "فقط مالك البوت",
    "help_channel_permission": "مطلوب {0} للسماح بالقناة",
    "help_cmdlist_donate": "يمكنك بدعم المشروع في <{patreon: <{0 او في <{1}> :paypal",
    "help_cmd_and_alias": "الأوامر والأسماء المستعارة",
    "help_commandlist_regen": "قائمة الأوامر مجددة.",
    "help_commands_instr": "اكتب `{0}h اسم الامر` لرؤية المساعدة اللازمة لذلك الامر. مثال `e.g. `{0}h >8ball",
    "help_command_not_found": "لا استطيع ان اجد الامر . الرجاء تأكد من وجود الامر قبل المحاولة التالية",
    "help_desc": "وصف",
    "help_donate": "يمكنكم الدعم مشروع NadekoBot في <{Patreon <{0 او في <{1}> PayPal\nلا تنسى تترك اسمك في ديسكورد او الID في علبة الرسالة.\n\n** شكراً لكم **♥️",
    "help_guide": "** قائمة الأوامر **: <{0}>\n** يمكن العثور على أدلة الاستضافة والمستندات هنا **: <{1}>",
    "help_list_of_commands": "قاىمة الأوامر",
    "help_list_of_modules": "قائمة الوحدات",
    "help_modules_footer": "اكتب `{0}cmds  اسم وحدة الامر ` لرؤية قائمة الاوامر في تلك الوحدة `eg `{0}cmds games",
    "help_module_not_found": "تلك الوحدة غير موجودة.",
    "help_server_permission": "يتطلب {0} أذن من السيرفر",
    "help_table_of_contents": "جدول المحتويات",
    "help_usage": "الأستعمال",
    "nsfw_autohentai_started": "بدأت أوتوهنتاي. إعادة نشر كل {0} s مع إحدى العلامات التالية: {1}",
    "nsfw_tag": "ربط",
    "gambling_animal_race": "سباق الحيوانات",
    "gambling_animal_race_failed": "فشل في البدء لعدم وجود مشاركين كفاية",
    "gambling_animal_race_full": "امتلئ السباق ! البدء فورا.",
    "gambling_animal_race_join": "{0} انضم بصفة {1}",
    "gambling_animal_race_join_bet": "{0} انضم بصفة {1} و راهن {2}!",
    "gambling_animal_race_join_instr": "اكتب {0}jr للانضمام إلى السباق.",
    "gambling_animal_race_starting": "البدء خلال 20 ثانية او عند اكتمال العدد في الغرفة",
    "gambling_animal_race_starting_with_x": "البدء مع {0} مشتركين.",
    "gambling_animal_race_won": "{0} بصفة {1} فاز بالسباق!",
    "gambling_animal_race_won_money": "{0} بصفة {1} فاز بالسباق وايضا {2}!",
    "gambling_dice_invalid_number": "تم تحديد رقم غير صالح. يمكنك لف النرد {0} - {1}  في مرة واحد.",
    "gambling_dice_rolled": "دحرج {0}",
    "gambling_dice_rolled_num": "دحرج النرد : {0}",
    "gambling_race_failed_starting": "فشل بداية السباق. ربما سباق آخر في طور الحدوت.",
    "gambling_race_not_exist": "لا يوجد سباق على هذا الموزع",
    "gambling_second_larger_than_first": "الرقم الثانيي يجب ان يكون اكبر من الرقم الاول.",
    "gambling_changes_of_heart": "تغير بالخاطر",
    "gambling_claimed_by": "المطالبة",
    "gambling_divorces": "طلاق",
    "gambling_likes": "اعجاب",
    "gambling_price": "ثمن",
    "gambling_waifus_none": "لم يتم المطلبة بأي waifus بعد.",
    "gambling_waifus_top_waifus": "افضل Waifus",
    "gambling_waifu_affinity_already": "تم تعيين تقاربك بالفعل على Waifus  أو كنت تحاول إزالة تقاربك أثناء عدم وجود واحد.",
    "gambling_waifu_affinity_changed": "تغير إنجذابهم من {0} الى {1}\n*هذا مشكوك فيه أدبياً.*🤔 ",
    "gambling_waifu_affinity_cooldown": "يجب ان تنتظر {0} ساعات و {1} دقائق إذا اردت تغيير انجذابك مرة أخرى.",
    "gambling_waifu_affinity_reset": "تم إعادته إنجذابك. ليس لديك أي شخص تحبه.",
    "gambling_waifu_affinity_set": "يريد ان يكون {0} وايفو. كيوووت 3>",
    "gambling_waifu_claimed": "امتلك {0} waifu مقابل {1}!",
    "gambling_waifu_divorced_like": "لقد طلقت waifu التي معجبة بك. أنت الوحش بلا قلب.\n{0} تلقى {1} كتعويض.",
    "gambling_waifu_egomaniac": "لا يمكنك تعيين تقارب لنفسك، انت إغومانياك.",
    "gambling_waifu_fulfilled": "🎉 يتم الوفاء بحبهم! 🎉\nقيمة {0} الجديدة {1}!",
    "gambling_waifu_isnt_cheap": "ليس هنلك waifu بذلك الرخيص. يجب أن تدفع {0} على الأقل للحصول على waifu، حتى لو كانت قيمتها الفعلية أقل.",
    "gambling_waifu_not_enough": "يجب أن تدفع {0} أو أكثر للمطالبة بذلك waifu!",
    "gambling_waifu_not_yours": "هذه ليست زوجنك",
    "gambling_waifu_not_yourself": "لا يمكنك المطالبة بنفسك.",
    "gambling_waifu_recent_divorce": "كنت مطلقا مؤخرا. يجب عليك الانتظار {0} ساعة و {1} دقائق للطلاق مرة أخرى.",
    "gambling_nobody": "لا أحد",
    "gambling_waifu_divorced_notlike": "لقد طلقت waifu التي لا تحبك . لقد تلقيت {0}",
    "games_8ball": "8 كرة",
    "games_acrophobia": "رهاب الأجسام.",
    "games_acro_ended_no_sub": "اللعبة انتهت بدون اي اخضاع.",
    "games_acro_no_votes_cast": "لم يحتسب الاصوات . اللعبة انتهت بدون فائز.",
    "games_acro_nym_was": "كان الاختصار {0}",
    "games_acro_running": "Acrophobia game قيد التشغيل بالفعل في هذه القناة.",
    "games_acro_started": "بدأت اللعبة. إنشاء جملة مع الاختصار التالي : {0}.",
    "games_acro_started_footer": "لديك {0} ثانية لعمل اخضاع.",
    "games_acro_submit": "{0} اعتمد حكمهم .({1} الاجمالي)",
    "games_acro_vote": "تصويت بكتابة رقم من الاخضاع.",
    "games_acro_vote_cast": "{0} وضعوا اصواتهم !",
    "games_acro_winner": "الفائز هو {0} مع {1} من النقاط.",
    "games_acro_winner_only": "{0} هو الفائزالوحيد كونه المستخدم الذي أرسل تقريرا!",
    "games_question": "سؤال",
    "games_rps_draw": "انها التعادل! اختار كلاهما {0}.",
    "games_rps_win": "{0} فاز! {1} هزم على {2}.",
    "games_submissions_closed": "اغلاق الاخضاع",
    "gambling_animal_race_already_started": "سباق الحيوانات جاهز للركض.",
    "gambling_total_average": "المجموع: {0} المعدل: {1}",
    "games_category": "قوائم",
    "games_cleverbot_disabled": "ايقاف البوت الذكي في هذا السيرفر",
    "games_cleverbot_enabled": "تفعيل البوت الذكي في هذا السيرفر",
    "games_curgen_disabled": "تم تعطيل توليد العملة في هذه القناة.",
    "games_curgen_enabled": "تم تفعيل توليد العملة على هذه القناة.",
    "games_curgen_pl": "{0} عشوائي {1} ظهر!",
    "games_curgen_sn": "ظهر عشوائي {0}!",
    "games_failed_loading_question": "فشل في تحميل السؤال",
    "games_game_started": "بدأت اللعبة",
    "games_hangman_game_started": "بدأت لعبة Hangman",
    "games_hangman_running": "Hangman game قيد التشغيل بالفعل في هذه القناة.",
    "games_hangman_start_errored": "بدأ hangman خطأ...",
    "games_hangman_types": "قائمة \"{0} hangman\" أنواع المصطلحات:",
    "games_leaderboard": "قائمة المتصدرين",
    "games_not_enough": "انت لا تملك ما يكفي من{0}",
    "games_no_results": "لا يوجد ناتج",
    "games_picked": "حمل {0}",
    "games_planted": "{0} زرع {1}",
    "games_trivia_already_running": "لعبة Trivia تعمل على هذا السيرفر.",
    "games_trivia_game": "لعبة Trivia",
    "games_trivia_guess": "{0} لقد حزرها ! الجواب كان : {1}",
    "games_trivia_none": "Trivia  لا تعمل على هذا السيرفر.",
    "games_trivia_points": "{0} لديه {1} نقطة",
    "games_trivia_stopping": "التوقف بعد هذا السؤال",
    "games_trivia_times_up": "انتهى الوقت ! الاجابة الصحيحة كانت {0}",
    "games_trivia_win": "{0} حزر الاجابة وفاز باللعبة ! الاجابة كانت : {1}",
    "games_ttt_against_yourself": "لا يمكنك اللعب ضد نفسك.",
    "games_ttt_already_running": "TicTacToe Game قيد التشغيل بالفعل في هذه القناة.",
    "games_ttt_a_draw": "تعادل !",
    "games_ttt_created": "تم انتاج لعبة TicTacToe.",
    "games_ttt_has_won": "{0} لقد فاز!",
    "games_ttt_matched_three": "تطابق ثلاث",
    "games_ttt_no_moves": "لا تحركات متبقية!",
    "games_ttt_time_expired": "نفذ الوقت !",
    "games_ttt_users_move": "حركة {0}.",
    "games_vs": "{0} ضد {1}",
    "music_attempting_to_queue": "جار محاولة تشغيل  قائمة انتظار الأغاني {0} ...",
    "music_autoplay_disabled": "تم تعطيل التشغيل التلقائي.",
    "music_autoplay_enabled": "تم تفعيلل التشغيل التلقائي.",
    "music_defvol_set": "تم ضبط مستوى الصوت الافتراضي على {0}٪",
    "music_dir_queue_complete": "اكتمال دليل  قائمة الانتظار",
    "music_fairplay": "اللعب العادل",
    "music_finished_song": "انتهت الاغنية",
    "music_fp_disabled": "تم تعطيل اللعب العادل.",
    "music_fp_enabled": "تم تفعيل اللعب العادل.",
    "music_from_position": "من الوضع",
    "music_id": "المعرف",
    "music_invalid_input": "مدخل غير صالح.",
    "music_max_playtime_none": "حد تشغيل المويسيقى ليس له حد الآن.",
    "music_max_playtime_set": "يتم تعيين أقصى وقت تشغيل إلى {0} ثانية (ث).",
    "music_max_queue_unlimited": "أقصى حجم لقائمة انتظار الموسيقى ضبط إلى غير محدود.",
    "music_max_queue_x": "يتم تعيين الحد الأقصى لحجم قائمة انتظار الموسيقى إلى {0} المسار .",
    "music_must_be_in_voice": "يجب أن تكون في القناة الصوتية على هذا السيرفر.",
    "music_name": "اسم الاغنية",
    "music_now_playing": "الان تسمع اغنية",
    "music_no_player": "لايوجد موسيقى ",
    "music_no_search_results": "لم يتم ايجاد البحث",
    "music_paused": "توقف تشغيل الموسيقى مؤقتا.",
    "music_player_queue": "قائمة انتظار اللاعبين - صفحة {0} / {1}",
    "music_playing_song": "تشغيل الاغنية",
    "music_playlists": "`#{0}` - **{1}**  بواسطة  *{2}* ({3} اغاني)",
    "music_playlists_page": "صفحة {0} من قوائم التشغيل المحفوظة",
    "music_playlist_deleted": "تم حذف قائمة التشغيل.",
    "music_playlist_delete_fail": "فشل حذف قائمة التشغيل هذه. إما أنها غير موجودة، أو أنك لست مؤلفها.",
    "music_playlist_id_not_found": "قائمة التشغيل مع هذا المعرف غير موجود.",
    "music_playlist_queue_complete": "قائمة انتظار قائمة التشغيل كاملة.",
    "music_playlist_saved": "حفظ قائمة التشغيل",
    "music_play_limit": "{0} ث الحد",
    "music_queue": "قائمة الانتظار",
    "music_queued_song": "قائمة انتظار الاغاني",
    "music_queue_cleared": "تم حذف قائمة انتظار الموسيقى.",
    "music_queue_full": "قائمة الانتظار ممتلئة في {0} / {0}.",
    "music_removed_song": "ازالة الاغنية",
    "music_repeating_cur_song": "اعادة تشغيل الاغنية الحالية",
    "music_repeating_playlist": "تكرار قائمة التشغيل",
    "music_repeating_track": "تكرار المسار للموسيقى",
    "music_repeating_track_stopped": "توقيف تكرار المسار الحالي",
    "music_resumed": "تم استئناف تشغيل الموسيقى.",
    "music_rpl_disabled": "تم تعطيل قائمة التشغيل المتكررة.",
    "music_rpl_enabled": "تم تمكين قائمة التشغيل المتكرر.",
    "music_set_music_channel": "وسوف أخرج الآن اللعب، والانتهاء، وأوقفت مؤقتا وإزالة الأغاني في هذه القناة.",
    "music_skipped_to": "تخطي الى `{0}:{1}`",
    "music_song_moved": "تحريك الاغنية",
    "music_time_format": "{0}س {1}د {2}ث",
    "music_to_position": "الى مكان",
    "music_unlimited": "غير محدود",
    "music_volume_input_invalid": "يجب أن يكون درجة الصوت بين 0 و 100",
    "music_volume_set": "ضبط درجة الصوت الى {0}%",
    "permissions_acm_disable": "تم تعطيل استخدام جميع وحدات الامر على القناة {0}.",
    "permissions_acm_enable": "تم تفعيل استخدام جميع وحدات الامر على القناة {0}.",
    "permissions_allowed": "السماح",
    "permissions_arm_disable": "تعطيل استخدام جميع وحدات الامر للدور {0}.",
    "permissions_arm_enable": "تفعيل استخدام جميع وحدات الامر للدور {0}.",
    "permissions_asm_disable": " تعطيل استخدام جميع وحدات الامر على هذا السيرفر.",
    "permissions_asm_enable": "تفعيل استخدام جميع وحدات الامر على هذا السيرفر.",
    "permissions_aum_disable": "تعطيل استخدام جميع وحدات الامر للمستخدم {0}.",
    "permissions_aum_enable": "تفعيل استخدام جميع وحدات الامر للمستخدم {0}.",
    "permissions_blacklisted": "القائمة السوداء {0} مع المعرف {1}",
    "permissions_cmdcd_add": "الامر {0} الان لديه {1}ث ليصبح جاهز.",
    "permissions_cmdcd_cleared": "الأمر {0} ليس له أي تباطؤ الآن وقد تم إزالة جميع حالات التباطؤ الحالية.",
    "permissions_cmdcd_none": "لم يتم تعيين أي تهدئة الأوامر.",
    "permissions_command_costs": "تكلفة الامر",
    "permissions_cx_disable": "ايقاف الاستخدام في {0} {1} على قناة {2}.",
    "permissions_cx_enable": "تفعيل الاستخدام في {0} {1} على قناة {2}",
    "permissions_denied": "رفض",
    "permissions_filter_word_add": "تم اضافة الكلمة {0} الى قائمة الكلمات المصفاة.",
    "permissions_filter_word_list": "قائمة الكلمات المصفاة.",
    "permissions_filter_word_remove": "ازالة الكلمة {0} من لائحة الكلمات المصفاة .",
    "permissions_invalid_second_param_between": "المعامل الثاني غير صحيح. (يجب أن تكون رقما بين {0} و {1})",
    "permissions_invite_filter_channel_off": "الدعوات المصفاة تم ايقافها في هذه القناة.",
    "permissions_invite_filter_channel_on": "الدعوات المصفاة مفعلة في هذه القناة.",
    "permissions_invite_filter_server_off": "الدعوات المصفاة تم ايقافها في هذا السيرفر.",
    "permissions_invite_filter_server_on": "الدعوات المصفاة مفعلة في هذا السيرفر.",
    "permissions_moved_permission": "تحريك الاذن {0} من #{1} الى #{2}",
    "permissions_not_found": "لا استطيع ايجاد الاذن في الدليل",
    "permissions_no_costs": "لم يوضع تكلفة.",
    "permissions_of_command": "الامر",
    "permissions_of_module": "وحدة",
    "permissions_page": "صفحة السماحات {0}",
    "permissions_permrole": "وضع السماح للدور هو {0}",
    "permissions_permrole_changed": "المستخدم يتطلب {0} دور للتمكن من تعديل الاذونات.",
    "permissions_perm_out_of_range": "لم اجد الاذن في القائمة.",
    "permissions_removed": "ازالة الاذن #{0} - {1} ",
    "permissions_rx_disable": "ايقاف الاستخدام {0} {1} للدور{2}",
    "permissions_rx_enable": "تفعيل الاستخدام {0} {1} للدور{2}",
    "permissions_sec": "ثواني.",
    "permissions_sx_disable": "ايقاف استخدام {0} {1} في هذا السيرفر",
    "permissions_sx_enable": "تفعيل استخدام {0} {1} في هذا السيرفر",
    "permissions_unblacklisted": "ازالة من قائمة السوداء {0}  للمعرف {1}",
    "permissions_uneditable": "لا يتعدل",
    "permissions_ux_disable": "ايقاف الاستخدام {0} {1} للمستخدم {2}",
    "permissions_ux_enable": "تفعيل الاستخدام {0} {1} للمستخدم {2}",
    "permissions_verbose_false": "لن اقوم بأظهار اي تحذير للاذونات.",
    "permissions_verbose_true": "سوف اظهر تحذير الاذونات.",
    "permissions_word_filter_channel_off": "ايقاف تصفية الكلمات في هذه القناة.",
    "permissions_word_filter_channel_on": "تفعيل تصفية الكلمات في هذه القناة.",
    "permissions_word_filter_server_off": "ايقاف تصفية الكلمات في هذا السيرفر.",
    "permissions_word_filter_server_on": "تفعيل تصفية الكلمات في هذا السيرفر.",
    "searches_abilities": "قدرات",
    "searches_anime_no_fav": "لا يوجد انمي مفضل بعد",
    "searches_atl_ad_started": "البدء بالترجمة الفورية للمسجات في هذه القناة . رسائل المستخدم سيتم الغائها تلقائيا.",
    "searches_atl_removed": "تمت إزالة لغة الترجمة التلقائية.",
    "searches_atl_set": "تم تعيين لغة الترجمة التلقائية إلى {0}>{1}",
    "searches_atl_started": "بدء الترجمة التلقائية للرسائل على هذه القناة.",
    "searches_atl_stopped": "تم إيقاف الترجمة التلقائية للرسائل على هذه القناة.",
    "searches_bad_input_format": "ادخال خطأ للصيغة, او شيء ما حدث بالخطأ.",
    "searches_card_not_found": "لم استطع ايجاد هذه البطاقة.",
    "searches_catfact": "واقعية",
    "searches_chapters": "فصول",
    "searches_comic_number": "رسوم متحركة #",
    "searches_compet_loses": "خسائر تنافسية",
    "searches_compet_played": "لعب تنافسي",
    "searches_compet_rank": "مرتبة تنافسية",
    "searches_compet_wins": "فوز تنافسي",
    "searches_completed": "منتهي",
    "searches_condition": "شرط",
    "searches_cost": "تكلفة",
    "searches_date": "موعد",
    "searches_define": "تحديد:",
    "searches_dropped": "اسقاط",
    "searches_episodes": "حلقة",
    "searches_error_occured": "حدث خطأ",
    "searches_example": "مثال",
    "searches_failed_finding_anime": "فشل ايجاد ذلك الانمي",
    "searches_failed_finding_manga": "فشل ايجاد ذلك المانجا",
    "searches_genres": "الانواع",
    "searches_hashtag_error": "فشل العثور على تعريف لهذه العلامة.",
    "searches_height_weight": "طول/وزن",
    "searches_height_weight_val": "{0} م / {1} كجم",
    "searches_humidity": "رطوبة",
    "searches_image_search_for": "بحث الصورة في:",
    "searches_imdb_fail": "فشل ايجاد ذلك الفيلم.",
    "searches_invalid_lang": "لغة المصدر أو الهدف غير صالحة",
    "searches_jokes_not_loaded": "النكت غير محملة",
    "searches_latlong": "خط العرض/طول",
    "searches_level": "مستوى",
    "searches_list_of_place_tags": "قائمة {0} الامان المعلمة",
    "searches_location": "المكان",
    "searches_magicitems_not_loaded": "العناصر السحرية غير محملة.",
    "searches_mal_profile": "{0} مال الصورة الشخصية ",
    "searches_mashape_api_missing": "لم يحدد مالك بوت MashapeApiKey. لا يمكنك استخدام هذه الوظيفة.",
    "searches_min_max": "ادنى/ اعلى",
    "searches_no_channel_found": "القناة غير موجودة",
    "searches_no_results": "لا توجد نتائج.",
    "searches_on_hold": "على- الانتظار",
    "searches_original_url": "الرابط الاصلي",
    "searches_osu_api_key": "مطلوب مفتاح osu! API",
    "searches_osu_failed": "فشل استرداد osu! التوقيع.",
    "searches_over_x": "تم ايجاد اكثر من {0} صورة . عرض عشوائي{0}",
    "searches_ow_user_not_found": "المستخدم ليس موجود! يرجى التحقق من المنطقة و BattleTag قبل المحاولة مرة أخرى.",
    "searches_plan_to_watch": "خطط للمشاهدة",
    "searches_platform": "منصة",
    "searches_pokemon_ability_none": "لم يتم العثور على أي قدرة.",
    "searches_pokemon_none": "لم اجد اليوكمون.",
    "searches_profile_link": "رابط الملف الشخصي:",
    "searches_quality": "الجودة:",
    "searches_quick_playtime": "وقت اللعب السريع",
    "searches_quick_wins": "الفوز السريع",
    "searches_rating": "الترتيب",
    "searches_score": "مجموع النقاط:",
    "searches_search_for": "البحث عن:",
    "searches_shorten_fail": "فشل تقصير الربط",
    "searches_short_url": "عنوان الرابط قصير",
    "searches_something_went_wrong": "هناك خطأ ما.",
    "searches_specify_search_params": "يرجى تحديد معلمات البحث.",
    "searches_status": "الحالة",
    "searches_store_url": "حفظ الرابط",
    "searches_streamer_offline": "ستريمر {0} غير متواجد حاليا.",
    "searches_streamer_online": "ستريمر {0} على الإنترنت مع {1} من المشاهدين.",
    "searches_streams_following": "انت تتابع {0} بث على هذا السيرفر",
    "searches_streams_none": "انت لا تتابع اي بث على هذا السيرفر",
    "searches_stream_no": "لا يوجد مثل هذا البث.",
    "searches_stream_not_exist": "البث على الاغلب غير موجود.",
    "searches_stream_removed": "تمت إزالة بث {0} '({1}) من الإشعارات.",
    "searches_stream_tracked": "سوف اعلم هذه القناة عند تغير الحالة.",
    "searches_sunrise": "شروق الشمس",
    "searches_sunset": "غروب الشمس",
    "searches_temperature": "درجة الحرارة",
    "searches_title": "عنوان:",
    "searches_top_3_fav_anime": "اعلى 3 أنيمي مفضلة:",
    "searches_translation": "ترجمة:",
    "searches_types": "الأنواع",
    "searches_ud_error": "فشل العثور على تعريف لهذا المصطلح.",
    "searches_url": "رابط",
    "searches_viewers": "متابعين",
    "searches_watching": "مشاهدة",
    "searches_wikia_error": "فشل العثور على هذا المصطلح على wikia المحدد.",
    "searches_wikia_input_error": "الرجاء إدخال وتحديد wikia ، يليه طلب البحث.",
    "searches_wiki_page_not_found": "الصفحة غير موجودة.",
    "searches_wind_speed": "سرعة الرياح",
    "searches_x_most_banned_champs": "معظم الأبطال المحظورة {0}",
    "searches_yodify_error": "أخفق تعديل الجملة.",
    "utiliity_joined": "انضم",
    "utility_activity_line": "{0} .` {1} [{2: F2} / s] - {3} al'iijmali",
    "utility_activity_page": "صفحة النشاط #{0}",
    "utility_activity_users_total": "{0} مجموع المستخدمين.",
    "utility_author": "مؤلف",
    "utility_botid": "بوت ID",
    "utility_calcops": "قائمة الوظائف في الأمر {0} كلك",
    "utility_channelid": "{0} من هذه القناة هو {1}",
    "utility_channel_topic": "موضوع القناة",
    "utility_commands_ran": "تم تشغيل الأوامر",
    "utility_convert": "{0} {1} يساوي {2} {3}",
    "utility_convertlist": "الوحدات التي يمكن استخدامها من قبل المحول",
    "utility_convert_not_found": "لا يمكنني تحويل {0} الى {1}: الوحة غير موجودة",
    "utility_convert_type_error": "لا يمكن تحويل {0} إلى {1}: أنواع الوحدات غير متساوية",
    "utility_created_at": "أنشئت في",
    "utility_custom_emojis": "الرمز التعبيري المخصص",
    "utility_error": "خطأ",
    "utility_features": "الميزات\n",
    "utility_id": "الهوية\n",
    "utility_index_out_of_range": "القائمة خارج النطاق.",
    "utility_inrole_list": "قائمة المستخدمين في {0} دور",
    "utility_inrole_not_allowed": "لا يسمح لك باستخدام هذا الأمر في الأدوار التي تملك الكثير من المستخدمين فيها لكي تمنع الإساءة",
    "utility_invalid_value": "قيمة {0} غير صالحة",
    "utility_joined_discord": "انضم إلى ديسكورد",
    "utility_joined_server": "انضم إلى السيرفر",
    "utility_listservers": "الهوية: {0}\nالأعضاء: {1}\nهوية المالك: {2}",
    "utility_listservers_none": "لم يتم ايجاد سيرفر على تلك الصفحة",
    "utility_list_of_repeaters": "قائمة المكررين",
    "utility_members": "اعضاء",
    "utility_memory": "ذاكرة",
    "utility_messages": "رسالة",
    "utility_message_repeater": "مكرر رسائل",
    "utility_name": "الاسم",
    "utility_nickname": "الاسم المستعار",
    "utility_nobody_playing_game": "لا احد يلعب تلك اللعبة",
    "utility_no_active_repeaters": "لا نشاط للمكريرن",
    "utility_no_roles_on_page": "لا يوجد ادوار في هذه الصفحة",
    "utility_no_shards_on_page": "لا توجد شارد في هذه الصفحة.",
    "utility_no_topic_set": "لم يضبط الموضوع",
    "utility_owner": "مالك",
    "utility_owner_ids": "صاحب IDs",
    "utility_presence": "حضور",
    "utility_presence_txt": "{0} سيرفرز\n{1} قناة الرسائل\n{2} قناة الصوت",
    "utility_quotes_deleted": "تم حذف جميع علامات الاقتباس باستخدام كلمة رئيسية {0}",
    "utility_quotes_page": "صفحة {0} من علامات الاقتباس",
    "utility_quotes_page_none": "لا توجد علامات اقتباس لهذا المعرف في هذه الصفحة.",
    "utility_quotes_remove_none": "لم يتم العثور على علامات الاقتباس التي يمكنك إزالة.",
    "utility_quote_added": "تمت إضافة اقتباس",
    "utility_quote_deleted": "تم حذف الاقتباس #{0}",
    "utility_region": "منطقة",
    "utility_registered_on": "مسجل في",
    "utility_remind": "سأذكر {0} إلى {1} في {2} `({3: d.M.yyyy.} في {4: س: د})`",
    "utility_remind_invalid_format": " تنسيق الوقت ليس صالحا. تحقق من قائمة الأوامر.",
    "utility_remind_template": "تذكير جديد قالب مضبوط",
    "utility_repeater": "تكرار {0} كل {1} يوم ، {2} ساعة و {3} دقيقة (دقائق).",
    "utility_repeaters_list": "قائمة المكررين",
    "utility_repeaters_none": "لا يوجد مكررين على هذا السيرفر",
    "utility_repeater_stopped": "#{0} توقف",
    "utility_repeat_invoke_none": "لم اجد رسائل مكررة على هذا السيرفر",
    "utility_result": "ناتج",
    "utility_roles": "دور",
    "utility_roles_all_page": "صفحة #{0} لجميع الادوار على هذا السيرفر",
    "utility_roles_page": "صفحة #{0} من الادوار ل {1}",
    "utility_rrc_no_colors": "لا توجد ألوان بالتنسيق الصحيح. استخدم `# 00ff00` على سبيل المثال.",
    "utility_rrc_start": "بدأ تدوير لون الدور{0}",
    "utility_rrc_stop": "توقف الألوان الدورية لدور {0}",
    "utility_serverid": "{0} من هذا السيرفر{1}",
    "utility_server_info": "معلومات السيرفر",
    "utility_shard": "شارد",
    "utility_shard_stats": "وضع شارد",
    "utility_shard_stats_txt": "شارد ** # {0} ** في حالة {1} مع سيرفارات {2}",
    "utility_showemojis": "**الاسم:** {0} **الرابط:**{1}",
    "utility_showemojis_none": "لم يتم العثور على رموز تعبيرية خاصة.",
    "utility_stats_songs": "تشغيل الأغاني {0}. {1} في قائمة الانتظار.",
    "utility_text_channels": "قناة الرسائل",
    "utility_togtub_room_link": "إليك رابط غرفتك:",
    "utility_uptime": "مدة التشغيل",
    "utility_userid": "{0} للمستخدم {1} هو {2}",
    "utility_users": "المستخدمين",
    "utility_voice_channels": "قناة الصوت",
    "gambling_animal_race_already_in": "لقد انضممت بالفعل لهذا السباق!",
    "games_current_poll_results": "نتائج الاستطلاع الحالية",
    "games_no_votes_cast": "لا اصوات وضعت",
    "games_poll_already_running": "يتم تشغيل الاستطلاع بالفعل على هذا السيرفر",
    "games_poll_created": "📃 {0} قام بإنشاء استطلاع يتطلب انتباهك:",
    "games_poll_result": "`{0}.` {1} مع {2} اصوات.",
    "games_poll_voted": "{0} صوت.",
    "games_poll_vote_private": "ارسل لي رسالة خاصة بعدد الاجوبة المطابقة",
    "games_poll_vote_public": "ارسل رسالة هنا بعدد الاجوبة المطابقة",
    "games_thanks_for_voting": "شكرا للتصويت {0}",
    "games_x_votes_cast": "مجموع الاصوات{0}",
    "games_pick_pl": "التقطهم بكتابة `{0} pick`",
    "games_pick_sn": "التقطها بكتابة `{0} pick`",
    "gambling_no_users_found": "لم يتم العثور على مستخدم",
    "gambling_page": "صفحة {0}",
    "administration_must_be_in_voice": "يجب أن تكون في قناة الصوت على هذا السيرفر",
    "administration_no_vcroles": "لا توجد أدوار لقنوات الصوت",
    "administration_user_muted_time": "{0} تم **كتم صوت ** من الدردشة النصية والصوتية لمدة {1} دقيقة",
    "administration_vcrole_added": "سيحصل المستخدمون الذين ينضمون إلى القناة الصوتية {0} على الدور {1}.",
    "administration_vcrole_removed": "لن يحصل المستخدمون الذين ينضمون إلى القناة الصوتية {0} على دور.",
    "administration_vc_role_list": "ادوار قناة الصوت",
    "customreactions_crad_disabled": "لن يتم حذف الرسالة التي تؤدي إلى تفاعل الرموز مخصص مع المعرف {0} تلقائيا",
    "customreactions_crad_enabled": "سيتم حذف الرسالة التي تؤدي إلى تفاعل مخصص مع المعرف {0} تلقائيا.",
    "customreactions_crdm_disabled": "لن يتم إرسال رسالة الاستجابة لتفاعل مخصص مع المعرف {0} ك DM.",
    "customreactions_crdm_enabled": "سيتم إرسال رسالة الاستجابة لتفاعل مخصص مع المعرف {0} ك DM.",
    "utility_aliases_none": "لم يتم العثور على اسم مستعار",
    "utility_alias_added": "كتابة {0}  ستصبح الآن اسما مستعار ل {1}.",
    "utility_alias_list": "قائمة الأسماء المستعارة",
    "utility_alias_removed": "تفعيل {0} لم يعد له اسم مستعار.",
    "utility_alias_remove_fail": "فعلت {0} لا تملك اسم مستعار.",
    "searches_compet_playtime": "تنافسية  وقت اللعب",
    "administration_channel": "قناة",
    "administration_command_text": "امر نصي",
    "administration_kicked_pl": "طرد",
    "administration_moderator": "مشرف",
    "administration_page": "صفحة {0}",
    "administration_reason": "سبب",
    "administration_scadd": "تمت إضافة أمر بدء التشغيل الجديد.",
    "administration_scrm": "تمت إزالة أمر بدء التشغيل بنجاح.",
    "administration_scrm_fail": "لم يتم العثور على أمر بدء التشغيل.",
    "administration_server": "سيرفر",
    "administration_startcmdlist_none": "لا توجد أوامر بدء التشغيل في هذه الصفحة.",
    "administration_startcmds_cleared": "مسح جميع أوامر بدء التشغيل.",
    "administration_unbanned_user": "المستخدم {0} اصبح غير محظور.",
    "administration_user_not_found": "المستخدم ليس موجود.",
    "administration_user_warned": "تم تحذير المستخدم {0}.",
    "administration_user_warned_and_punished": "تم تحذير المستخدم {0} وتم تطبيق العقوبة {1}",
    "administration_warned_on": "تم تحذيره على سيرفر {0}",
    "administration_warned_on_by": "على {0} في {1} بواسطة {2}",
    "administration_warnings_cleared": "تم مسح جميع التحذيرات {0}.",
    "administration_warnings_none": "لا يوجد تحذير في هذه الصفحة",
    "administration_warnlog_for": "سجل التحذير ل {0}",
    "administration_warnpl_none": "لم يتم تعيين عقوبات.",
    "administration_warn_cleared_by": "تم حذفها بواسطة {0}",
    "administration_warn_punish_list": "تحذير قائمة العقاب",
    "administration_warn_punish_rem": "امتلاك {0} تحذيرات لن تؤدي إلى عقاب.",
    "administration_warn_punish_set": "سأطبق {0} عقوبة على المستخدمين الذين لديهم {1} تحذيرات.",
    "administration_slowmodewl_role_start": "سيتجاهل الوضع البطيئ هذا الدور {0}",
    "administration_slowmodewl_role_stop": "الوضع البطيئ لن يتجاهل هذا الدور {0} بعد الان",
    "administration_slowmodewl_user_start": "الوضع البطيئ سيتجاهل المستخدم {0}",
    "administration_slowmodewl_user_stop": "الوضع البطيئ لن يتجاهل هذا المستخدم  {0} بعد الان",
    "utility_clpa_fail": "أخفق المطالبة بالمكافآت بسبب أحد الأسباب التالية:",
    "utility_clpa_fail_already": "ربما تكون قد تلقيت بالفعل مكافأتك لهذا الشهر. يمكنك الحصول على المكافآت مرة واحدة فقط في الشهر إلا إذا قمت بزيادة تعهدك.",
    "utility_clpa_fail_already_title": "تم مكافأتك بالفعل",
    "utility_clpa_fail_conn": "حساب Discord الخاص بك قد لا يكون مربوط مع Patreon . إذا كنت غير متأكد ما يعني ذلك، أو لا تعرف كيفية توصيله - عليك أن تذهب إلى [Patreon إعدادات حساب الصفحة] (https://patreon.com/settings/account)\nوانقر على زر \"الاتصال إلى Discord \".",
    "utility_clpa_fail_conn_title": "حساب Discord غير متصل",
    "utility_clpa_fail_sup": "كي تكون مؤهلا للحصول على المكافأة، يجب أن تدعم المشروع على باترون. يمكنك استخدام الأمر {0} للحصول على الرابط.",
    "utility_clpa_fail_sup_title": "لا تدعم",
    "utility_clpa_fail_wait": "عليك أن تنتظر بضع ساعات بعد تقديم التعهد، إذا لم تقم بذلك، حاول مرة أخرى في وقت لاحق.",
    "utility_clpa_fail_wait_title": "انتظر بعض الوقت",
    "utility_clpa_success": "لقد تلقيت {0} شكرا لدعم المشروع!",
    "utility_clpa_too_early": "يمكن المطالبة بالمكافآت في أو بعد 5 من كل شهر.",
    "searches_time": "الوقت {0} هو {1} - {2}",
    "administration_rh": "تعيين عرض دور التحالف {0} إلى {1}.",
    "gambling_name": "اسم",
    "gambling_shop": "متجر",
    "gambling_shop_item_add": "تمت إضافة عنصر التسوق",
    "gambling_shop_none": "لم يتم العثور على عنصر تسوق في هذه الصفحة.",
    "gambling_shop_role": "ستحصل على دور {0}.",
    "gambling_type": "نوع",
    "utility_clpa_next_update": "التحديث التالي في {0}",
    "administration_gvc_disabled": "تم تعطيل ميزة قناة صوت اللعبة على هذا السيرفر.",
    "administration_gvc_enabled": "{0} هي قناة صوت اللعبة الآن.",
    "administration_not_in_voice": "أنت لست في قناة صوتية على هذا السيرفر.",
    "gambling_item": "عنصر",
    "gambling_out_of_stock": "إنتهى من المخزن.",
    "gambling_random_unique_item": "عنصر فريد عشوائي.",
    "gambling_shop_buy_error": "خطأ ارسال العنصر. لقد تم رد الأموال إليك.",
    "gambling_shop_item_not_found": "لم يتم العثور على أي عنصر في هذا الفهرس.",
    "gambling_shop_item_purchase": "شراء العنصر بناجح.",
    "gambling_shop_item_rm": "تمت إزالة عنصر التسوق",
    "gambling_shop_item_wrong_type": "ذلك الادخال للتسوق لا يدعم اضافة العنصر",
    "gambling_shop_list_item_added": "تمت إضافة العنصر بنجاح.",
    "gambling_shop_list_item_not_unique": "تمت إضافة هذا العنصر من قبل.",
    "gambling_shop_purchase": "الشراء على السيرفر {0}",
    "gambling_shop_role_not_found": "الدور الذي يتم بيعه لم يعد موجودا.",
    "gambling_shop_role_purchase": "لقد اشتريت الدور {0} بنجاح.",
    "gambling_shop_role_purchase_error": "حدث خطأ أثناء تعيين الدور. تم رد أموال عملية الشراء.",
    "gambling_unique_items_left": "{0} العناصر الفريدة المتبقية.",
    "permissions_blocked_commands": "الأوامر المحظورة",
    "permissions_blocked_modules": "وحدات الامر المحظورة",
    "permissions_gcmd_add": "تم تعطيل الأمر {0} على كافة السيرفرات.",
    "permissions_gcmd_remove": "تم تفعيل الأمر {0} على كافة السيرفرات.",
    "permissions_gmod_add": "وحدات الامر {0} تم ايقافها على كل السيرفرات",
    "permissions_gmod_remove": "وحدات الامر {0} تم تفعيلها على كل السيرفرات",
    "permissions_lgp_none": "لا يوجد حظر للاوامر أو الوحدات النمطية",
    "gambling_animal_race_no_race": "سباق الحيوانات هذا ممتلئ !",
    "utility_cant_read_or_send": "لا يمكنك قراءة أو إرسال رسائل إلى تلك القناة.",
    "utility_quotes_notfound": "لم يتم العثور على علامات اقتباس تطابق معرف الاقتباس المحدد.",
    "administration_prefix_current": "اعدادات التحديد على هذا السيرفر {0}",
    "administration_prefix_new": "تم تغيير اعدادات التحديد على هذا السيرفر من {0} إلى {1}",
    "administration_defprefix_current": "اعدادات التحديد الافتراضي للبوت هو {0}",
    "administration_defprefix_new": "تم تغيير اعدادات التحديد الافتراضية للبوت من {0} إلى {1}",
    "administration_bot_nick": "اسم البوت المستعار تغير الى {0}",
    "administration_user_nick": "الاسم المستعار للمستخدم {0} تغير الى {1}",
    "administration_timezone_guild": "المنطقة الزمنية لهذا التحالف هي `{0}`",
    "administration_timezone_not_found": "لم يتم العثور على المنطقة الزمنية. استخدام امر \"timezones\" لرؤية قائمة من المناطق الزمنية المتاحة.",
    "administration_timezones_available": "المناطق الزمنية المتاحة",
    "music_song_not_found": "لم يتم العثور على أي أغنية.",
    "searches_define_unknown": "لا يمكن العثور على تعريف لهذا المصطلح.",
    "utility_repeater_initial": "سيتم إرسال الرسالة المكررة الأولية في {0} h و {1} دقيقة.",
    "utility_verbose_errors_enabled": "ستعرض الأوامر المستخدمة بشكل غير صحيح الآن أخطاء.",
    "utility_verbose_errors_disabled": "لن تظهر الأوامر المستخدمة بشكل غير صحيح أية أخطاء.",
    "permissions_perms_reset": " إعادة تعيين أذونات هذا السيرفر.",
    "permissions_trigger": "رقم الإذن # {0} {1} يمنع هذا الإجراء.",
    "administration_migration_error": "حدث خطأ أثناء الترحيل، راجع وحدة تحكم بوت للحصول على مزيد من المعلومات.",
    "searches_hex_invalid": "اللون المحدد غير صالح.",
    "permissions_global_perms_reset": "تمت إعادة تعيين الأذونات كاملة.",
    "help_module": "",
    "games_hangman_stopped": "",
    "music_autoplaying": "",
    "music_queue_stopped": "",
    "music_removed_song_error": "",
    "music_shuffling_playlist": "",
    "music_songs_shuffle_enable": "",
    "music_songs_shuffle_disable": "",
    "music_song_skips_after": "",
    "administration_warnings_list": ""
}